"release_year","revenue","budget"
"2003","20112926","1100000"
"2016","676343174","180000000"
"2024","0","550000"
"1999","222104681","170000000"
"2010","224920315","40000000"
"2017","290132513","40000000"
"2006","38528984","12000000"
"2019","30017163","0"
"2015","11100000","6000000"
"2008","54822","0"
"2016","0","3000000"
"2010","66984887","10500000"
"2002","0","5000000"
"2009","469310836","35000000"
"2010","329398046","13000000"
"1999","124305181","48000000"
"2021","14600000","0"
"1998","34562925","27000000"
"2001","96976270","68000000"
"2008","609841637","52000000"
"2016","809342332","180000000"
"2015","0","0"
"2016","118587880","10000000"
"2024","1698863816","200000000"
"2010","543284256","69000000"
"1963","11700000","4000000"
"2023","5569593","0"
"1989","9060335","0"
"1999","29762011","68000000"
"2024","51147812","30000000"
"2023","8799528","20000000"
"2005","542064525","75000000"
"1993","17287898","22000000"
"2001","579700000","115000000"
"1953","12000000","1500000"
"2020","20379604","10000000"
"1986","39200000","25000000"
"2018","20572691","12000000"
"2023","53929","0"
"2002","171269565","50000000"
"2019","253890701","110000000"
"2001","274925095","19000000"
"2024","141000000","75000000"
"2025","400000","0"
"2023","46497678","72000000"
"2016","13624522","4000000"
"1996","129800000","60000000"
"1996","33500000","36000000"
"2005","124604345","28000000"
"1990","8217997","0"
"2015","2068223624","245000000"
"2005","92374674","45000000"
"2024","0","11500000"
"1987","299965036","28000000"
"2012","54169363","30000000"
"2011","47088990","18000000"
"2020","28600000","90000000"
"2016","77100000","33000000"
"2024","3046741","5000000"
"2012","31100000","35000000"
"2023","28126646","12000000"
"2003","60400000","8000000"
"2018","86493046","100000000"
"1987","38122105","27000000"
"1998","98005666","26000000"
"2016","369062","0"
"2021","7502846","0"
"2004","50826898","32000000"
"2018","297718711","70000000"
"2024","40829138","19000000"
"2022","288670284","85000000"
"2019","51000000","60000000"
"2018","0","3000000"
"2011","1104682","4000000"
"2021","12687507","5000000"
"2010","494879471","165000000"
"2004","102034104","20000000"
"2011","712171856","110000000"
"2024","664443","0"
"2010","127200000","40000000"
"2025","10498407","2000000"
"1998","304320254","90000000"
"2015","21815482","0"
"2009","60781545","7500000"
"2019","246999039","20000000"
"2002","199043242","60000000"
"1992","504050219","28000000"
"2018","173961069","120000000"
"1987","38119483","22700000"
"2008","8654110","0"
"2018","467989645","135000000"
"2010","359126022","40000000"
"1959","1700000","2400000"
"2025","6625821","0"
"2019","32140970","59000000"
"1974","0","0"
"2015","566006","0"
"2024","128093757","38500000"
"2006","163000000","72500000"
"2018","80509622","30000000"
"2011","71508440","40000000"
"2018","23740788","0"
"1998","250800000","65000000"
"2014","708962323","200000000"
"2015","3191168","0"
"2019","0","40000000"
"2006","1066179747","200000000"
"2011","110206216","50000000"
"2011","972512","12000000"
"2025","37733959","80000000"
"2008","69363381","30000000"
"2024","262793","4400000"
"1983","572700000","32350000"
"1995","19075720","25000000"
"1994","17000000","28000000"
"1994","183031272","75000000"
"2019","24849029","6000000"
"1990","0","0"
"1983","201500000","7000000"
"2017","3891","0"
"2024","15469415","2000000"
"2017","795922298","230000000"
"2025","414757293","180000000"
"2002","102244770","36000000"
"1997","257850122","3500000"
"1995","122195920","18000000"
"2020","365304105","205000000"
"2025","54586117","40000000"
"2024","8104331","12000000"
"1993","57319029","38000000"
"2017","619021436","97000000"
"2004","8203235","5000000"
"2010","193458","0"
"1984","69800000","8000000"
"1999","3885642","2700000"
"1986","52300000","8000000"
"2003","179179718","78000000"
"1980","190458706","54000000"
"2021","76016171","100000000"
"1995","346100000","55000000"
"2024","104573204","36000000"
"2019","1054300000","183000000"
"1965","141200000","9000000"
"2024","12778225","10000000"
"2014","25343661","4000000"
"2024","451900435","99000000"
"2022","760900000","250000000"
"1989","211343479","40000000"
"2010","129190869","25000000"
"1999","73500000","80000000"
"2003","424988211","150000000"
"2010","294804195","80000000"
"2018","33157615","29000000"
"2005","129181830","60000000"
"2004","13422333","0"
"2023","1560142","16000000"
"2020","29303571","0"
"2021","63501160","0"
"1997","31480022","18000000"
"1955","36359037","4000000"
"1957","9000000","3000000"
"2024","7935363","8000000"
"2021","791863","75000000"
"2000","0","2100000"
"2001","165335153","37000000"
"2003","1100000","15100000"
"2017","2732673","0"
"2011","483866772","90000000"
"1997","25804707","40000000"
"2000","546388108","125000000"
"2021","0","60000000"
"2005","22900000","50000000"
"2002","9300000","4000000"
"1933","451000","187000"
"2003","456800000","140000000"
"2004","236049757","24000000"
"1998","250649836","90000000"
"2024","30107173","25000000"
"2018","95330493","3500000"
"2016","6170043","4000000"
"1993","270248367","42000000"
"2023","5000000","0"
"2004","34337258","0"
"2001","68467960","42000000"
"2025","10582853","0"
"1993","58055768","57000000"
"2023","0","22800000"
"1996","152000000","32000000"
"2021","23076711","23000000"
"2018","1152028393","160000000"
"2025","0","110000000"
"1998","189198313","66000000"
"2017","315025930","20000000"
"2002","0","0"
"1980","27100000","35000000"
"2004","22618511","0"
"1999","924317558","115000000"
"1980","0","100000"
"1980","16647800","12000000"
"2024","0","1100000"
"2007","56255142","15000000"
"1998","285444603","140000000"
"2024","470300","0"
"1966","3900000","1377800"
"2017","1118410","0"
"2016","74000000","16000000"
"2024","3854594","30000000"
"2012","549368315","50000000"
"2025","530786","30000000"
"2005","118133252","40000000"
"2022","16914773","0"
"2009","43500000","26000000"
"2000","0","5000000"
"1989","227853986","25000000"
"2019","0","48000000"
"2020","1401954","0"
"2013","668045518","225000000"
"1986","0","0"
"2010","0","7000000"
"1979","20700000","4000000"
"1991","0","0"
"2018","121000000","48000000"
"2010","140073390","80000000"
"2018","17325485","0"
"1997","25100000","35000000"
"2002","445100000","140000000"
"2019","13601384","20000000"
"1978","300500000","55000000"
"2015","220527","0"
"2019","16000000","38000000"
"2003","68296293","22000000"
"2023","0","40000000"
"2023","32000000","46000000"
"2019","326709727","55000000"
"1964","7000000","2135000"
"1951","8000000","1800000"
"1980","2000000","100000"
"2022","17288993","0"
"2021","6700000","25000000"
"1999","96618699","40000000"
"2020","34218525","0"
"2019","8654322","20000000"
"2005","475000000","150000000"
"2013","0","1493619"
"2018","292400000","125000000"
"1993","195268056","45000000"
"2018","33562069","40000000"
"1995","24048000","30000000"
"2013","865011746","130000000"
"1994","45284974","16000000"
"2008","1004558444","185000000"
"2025","235","0"
"2018","214200000","50000000"
"2024","6206231","25600000"
"1998","159710793","50000000"
"2012","96070507","12000000"
"2002","181001478","80000000"
"1997","137000000","75000000"
"2000","20908467","2000000"
"2005","61477797","32000000"
"2010","954305868","250000000"
"2024","6331827","0"
"2019","48021766","6500000"
"1961","10000000","3000000"
"2017","3300000","0"
"2015","30810658","0"
"1991","181096164","26000000"
"1994","5900000","18000000"
"2019","19790000","0"
"2006","28000000","31000000"
"1980","0","0"
"2015","146936910","90000000"
"2003","231449203","55000000"
"2016","24121245","15000000"
"2012","1518815515","220000000"
"2010","93251121","35000000"
"1975","5028948","400000"
"2022","859102154","250000000"
"1993","4500000","35000000"
"2023","362113","175000000"
"2011","288383523","32500000"
"1987","98267558","15000000"
"2019","55065289","50000000"
"2022","454023","200000000"
"1992","321731527","35000000"
"1998","5078660","12000000"
"2023","191067560","70000000"
"1986","5844868","6000000"
"2003","273339556","130000000"
"2019","18262464","11000000"
"1996","0","4000000"
"1997","136885767","45000000"
"1959","164000000","15000000"
"2013","60795985","28000000"
"2006","8972","25000000"
"1967","50700000","2500000"
"2008","309979994","150000000"
"2018","1500000","0"
"2024","191452","0"
"1992","215862692","40000000"
"1949","1226098","0"
"2024","180928503","50000000"
"2006","141700000","60000000"
"2006","140175006","75000000"
"2021","133423964","20000000"
"2022","631249","3200000"
"2019","2300000","18000000"
"1999","56870414","27000000"
"2000","110317580","65000000"
"1998","67200000","20000000"
"2013","1274219009","150000000"
"2007","14711793","30000000"
"1989","63408614","55000000"
"2006","55200000","50000000"
"2011","0","11000000"
"2012","47042000","30000000"
"2001","7500000","4500000"
"1992","134100000","31000000"
"1994","50236831","31000000"
"1999","363889678","42000000"
"2016","55030051","20000000"
"1988","0","0"
"2007","149000000","85000000"
"1997","31100000","15000000"
"2022","11628645","0"
"2021","0","75000000"
"1999","312016928","33000000"
"2017","0","0"
"2021","51074773","200000000"
"2013","371900000","130000000"
"2019","1090116","1203235"
"2018","137056262","13000000"
"2019","121600000","30000000"
"2011","14460000","30000000"
"1987","548696","0"
"2010","211800000","65000000"
"2025","1196497","250000"
"2020","426505244","90000000"
"1988","13000000","4000000"
"2017","84618541","25000000"
"2020","3607899","2000000"
"1980","115229890","27000000"
"1993","227799884","21000000"
"1962","69995385","15000000"
"2011","187361754","55000000"
"1997","0","0"
"2018","1197741","20000000"
"2003","37788228","35200000"
"1987","1576615","1000000"
"2010","261989769","117000000"
"2009","178866158","40000000"
"2013","34737199","56000000"
"1984","8430492","0"
"1995","212385533","30000000"
"2000","60655420","80000000"
"2003","212000000","150000000"
"1999","0","0"
"1998","72527595","14000000"
"1993","20915465","48000000"
"2021","178143","160000000"
"2016","11472454","0"
"2012","55362705","20000000"
"2006","3200000","0"
"2011","183953723","63000000"
"2018","81673897","31000000"
"2024","571750016","150000000"
"2018","436388866","36000000"
"2019","394638258","100000000"
"2003","90941129","26000000"
"2022","31245810","80000000"
"2005","39053061","25000000"
"2023","3138750","0"
"2014","337580051","110000000"
"2012","355692760","79000000"
"1995","254100000","30000000"
"2024","0","35954590"
"1997","17626234","80000000"
"1958","7808900","2479000"
"2001","105200000","60000000"
"2010","290700000","100000000"
"2018","29200000","19000000"
"2020","141940042","200000000"
"2024","377523000","10500000"
"2021","22957625","43000000"
"2012","245527149","150000000"
"2022","0","30000000"
"1996","34585416","26000000"
"2012","68263166","16000000"
"2015","287144079","29000000"
"1976","0","0"
"1998","0","2400000"
"2025","18103402","15000000"
"2010","23580000","25000000"
"2024","824517","0"
"2006","7600000","21000000"
"2018","321752656","23000000"
"2010","154026136","37000000"
"2023","21730766","39000000"
"2018","7700000","25000000"
"1973","16056255","0"
"2024","0","2900000"
"2016","46152411","23000000"
"2007","65048725","15000000"
"2010","159291809","30000000"
"1997","140807547","90000000"
"2025","16958671","18000000"
"2003","180906076","30000000"
"1993","65796862","13000000"
"1984","5500000","30000000"
"2010","15440333","1000000"
"2007","139352633","10000000"
"1953","36000000","4350000"
"2004","610063468","30000000"
"2003","173013509","79000000"
"2018","174800000","50000000"
"1997","194201","0"
"2000","109280263","5000000"
"1994","48063465","25000000"
"2022","21921551","40000000"
"2024","10361110","32000000"
"1997","79082515","32000000"
"2006","7232965","0"
"2024","35271631","10000000"
"2022","33628000","10000000"
"2024","0","4870000"
"2004","115600000","29000000"
"2004","72258126","20000000"
"2022","0","2600000"
"1954","37042336","1000000"
"2020","121977511","150000000"
"2023","60730568","45000000"
"2017","823970682","149000000"
"2015","99975678","53000000"
"2009","31439140","25000000"
"2012","156974557","65000000"
"2014","758539785","180000000"
"1988","152356177","12000000"
"1998","69100000","90000000"
"2022","161440742","16000000"
"2023","569626289","297000000"
"2007","187134117","85000000"
"2000","345800000","123000000"
"2014","747862775","250000000"
"1991","32704700","15000000"
"1994","0","0"
"2004","130161094","17000000"
"2012","29657751","26000000"
"1990","136766062","54000000"
"2005","202026112","100000000"
"1997","333011068","110000000"
"2013","6854611","2500000"
"2024","721046090","200000000"
"1977","38288028","4000000"
"2017","1929659","100000"
"1998","481840909","70000000"
"1993","154856263","14000000"
"2017","140376621","19000000"
"2018","21041950","0"
"1994","215887717","62000000"
"1986","328203506","5000000"
"2016","331957105","150000000"
"2024","0","2500000"
"2011","133432856","15000000"
"1960","50048065","806947"
"2003","117248958","60000000"
"1994","112000000","45000000"
"1992","411006740","25000000"
"1995","264218220","175000000"
"2009","371353001","200000000"
"1987","214577242","6000000"
"2021","220889446","200000000"
"1996","71981823","4000000"
"2006","326706115","35000000"
"2011","149200000","25000000"
"2001","172989651","92000000"
"2022","258000000","0"
"2024","6501810","3000000"
"2025","68735064","10000000"
"2019","0","15000000"
"2001","179213434","52500000"
"2001","77516304","28000000"
"2023","16014123","70000000"
"2021","408402685","85000000"
"2011","78309131","60000000"
"2025","172619925","120000000"
"2020","17361009","0"
"1986","60629159","15000000"
"1992","243240178","40000000"
"2018","27500000","40000000"
"1998","92108518","15000000"
"2000","278019771","19000000"
"2015","682716636","150000000"
"1968","8000000","73000"
"1980","44781695","19000000"
"2011","137551594","60000000"
"2020","4700000","60000000"
"2015","244900000","88000000"
"2023","117449790","157800000"
"2011","189712432","36000000"
"1999","149700000","60000000"
"2018","1242805359","200000000"
"2024","4853595","4000000"
"2023","134038006","125000000"
"2016","408579038","105000000"
"2022","10139416","1000000"
"2024","7582541","500000"
"2014","268031828","140000000"
"2004","300257475","160000000"
"2021","393824","1800000"
"2018","6591038","7280000"
"2024","9927714","13400000"
"2025","81550000","0"
"1998","44547681","50000000"
"2016","9953934","0"
"2025","36709101","10000000"
"2005","333535934","100000000"
"2010","252300000","38000000"
"2024","0","150000000"
"2022","21328962","175000000"
"2012","746921274","145000000"
"2010","45700000","17000000"
"2011","3909002","6500000"
"2017","13025860","22000000"
"2021","1451974","0"
"2012","609016565","120000000"
"2016","64493915","125000000"
"2012","11947954","3000000"
"2011","132274484","75000000"
"2022","1488732821","170000000"
"1968","5380118","5000000"
"2016","46100000","20000000"
"2000","429632142","90000000"
"2013","188133322","90000000"
"1993","48919043","47000000"
"2019","524580592","129000000"
"2004","256700000","60000000"
"2020","115171795","22000000"
"2009","18400000","0"
"2007","119483446","75000000"
"2011","19504039","3500000"
"2012","24719215","40000000"
"2010","36407407","0"
"2006","13405595","22000000"
"2009","71600000","75000000"
"1995","157387195","53000000"
"2016","7445186","0"
"2024","42238170","25000000"
"1993","441286195","25000000"
"2022","2320250281","460000000"
"2023","7000000","60000000"
"2006","599045960","150000000"
"1991","32482682","14000000"
"2005","223387299","55000000"
"2001","488628188","60000000"
"2008","632091832","130000000"
"2017","352800000","55000000"
"2015","62076141","11000000"
"2011","149500000","35000000"
"2016","322811702","40000000"
"2011","152930623","75000000"
"2012","79781695","25000000"
"2021","0","350000"
"2013","161921515","5000000"
"2020","20339624","0"
"2019","157209","15000000"
"2008","202404009","34000000"
"2002","119723358","38000000"
"1995","11348324","31000000"
"1987","53424681","13000000"
"2018","91244913","12000000"
"1985","40900000","6000000"
"2012","234989584","50000000"
"2025","6254291","8000000"
"1988","38413606","30000000"
"2010","83761844","50000000"
"2003","119723856","4000000"
"2019","44112","0"
"2010","32054369","20000000"
"2002","4000000","834449"
"2024","204950000","52900000"
"2024","0","20000000"
"2013","27437881","30000000"
"2003","21964072","0"
"2004","168423227","20000000"
"1996","150300000","50000000"
"1984","25928721","58000000"
"2005","104500000","50000000"
"2006","72785169","70000000"
"2012","9636289","10000000"
"2013","90200000","38000000"
"2017","278454358","9000000"
"1996","128769345","54000000"
"2006","41500000","30000000"
"2018","51349833","110000000"
"2010","204594016","60000000"
"2019","155712077","9000000"
"2011","151300000","10000000"
"2016","13960394","9000000"
"2014","9649013","0"
"1997","13801755","20000000"
"2023","92000000","4500000"
"2010","8749681","0"
"2011","40909909","50000000"
"2019","968853","159000000"
"1998","98126565","52000000"
"2014","19682924","16000000"
"1999","235483004","11000000"
"2003","15100000","15000000"
"2024","3983828","0"
"2020","757096","0"
"1941","1600000","812000"
"2006","49111202","50000000"
"2012","0","0"
"2022","9572765","10000000"
"1993","71108778","14600000"
"2019","32500000","45000000"
"2021","6416063","26000000"
"2023","31843086","27500000"
"2017","41087017","22000000"
"1945","0","0"
"2005","52200000","57000000"
"2011","85564310","27000000"
"2015","184000000","176000000"
"1942","267447150","858000"
"1995","287928194","50000000"
"2021","0","2500000"
"2005","145166804","19000000"
"2010","112462508","48000000"
"1935","2000000","393750"
"2012","403354469","130000000"
"2024","350865342","80000000"
"2004","196482882","75000000"
"2018","2053469","8500000"
"2019","137792047","65000000"
"2022","18500000","75000000"
"2008","41627431","20000000"
"2014","203277636","66000000"
"2011","42808575","0"
"2014","373515621","132000000"
"2012","71038838","30000000"
"2017","61621140","10000000"
"1989","1519796","1500000"
"2023","250600000","14500000"
"2007","0","200000"
"2021","17635215","30000000"
"2007","133000000","25000000"
"1977","0","125000"
"2007","5410749","38000000"
"1991","191502426","30000000"
"2017","26800152","25000000"
"1990","86024005","20000000"
"1996","147298761","14500000"
"2010","94882889","100000000"
"1985","21930418","2200000"
"2006","3307157","0"
"1994","93722164","23000000"
"1963","11500000","2500000"
"2006","1238072","0"
"2022","940203765","85000000"
"1997","1100000","62000000"
"2017","255407969","4500000"
"1974","97600000","7000000"
"1989","57500000","11500000"
"2006","25900","5000000"
"2024","0","80000000"
"2019","429434163","80000000"
"1986","70100000","6000000"
"2005","131426169","85000000"
"2000","374100000","70000000"
"1999","53478166","16000000"
"2016","1023784195","150000000"
"2013","958400000","250000000"
"2024","18114914","0"
"2022","623190","70000000"
"2021","402064899","200000000"
"2011","115890792","13000000"
"2006","21510851","9000000"
"2000","12008642","10000000"
"2018","340955294","17000000"
"2024","12907944","0"
"2021","40618920","20000000"
"2024","115657988","20000000"
"2006","240685326","82500000"
"2014","66787908","20000000"
"2006","118890272","25000000"
"2003","60427839","20000000"
"2019","61404394","32000000"
"2017","1266115964","160000000"
"2015","1405403694","365000000"
"1997","176506186","23500000"
"2022","0","55000000"
"2017","383925276","175000000"
"2027","0","200000000"
"2019","186965409","0"
"1996","41590886","9000000"
"2021","17252960","0"
"1927","1350322","5300000"
"2022","65267446","78000000"
"2000","161834276","40000000"
"2003","81240206","68000000"
"2016","114500000","45000000"
"1995","134582776","16000000"
"2023","15800000","20000000"
"1995","46576136","12000000"
"2008","68282844","8500000"
"2009","3606395","4500000"
"2022","3129968","0"
"2002","177394432","31000000"
"2004","15992615","2700000"
"1989","235900000","16400000"
"2024","39200000","14700000"
"2024","6780428","4350000"
"2018","351266433","50000000"
"1996","37553585","0"
"2016","749200054","175000000"
"2005","27165581","6000000"
"1989","22099847","24000000"
"2018","0","10000000"
"1979","150000000","31500000"
"2018","856085151","116000000"
"2003","220673217","48000000"
"1995","116112375","50000000"
"2007","287594577","150000000"
"2018","190400157","62000000"
"1984","130442786","8000000"
"2024","51860","0"
"2006","12800000","15000000"
"2016","162100000","60000000"
"2000","7390108","4500000"
"2013","86758912","39200000"
"1986","12900000","19000000"
"2016","119520023","106000000"
"1980","19814523","11000000"
"2007","22053994","0"
"2019","1012932","0"
"2025","826883","0"
"2002","277448382","70000000"
"2001","117487473","65000000"
"2023","136698671","36150000"
"2017","240891763","97000000"
"2022","19238073","14000000"
"2018","99138899","75000000"
"2011","75500000","52000000"
"2017","1647675","0"
"2011","28550000","0"
"2012","82966152","45000000"
"1994","350448145","30000000"
"2011","1046721266","379000000"
"2025","127337252","118000000"
"2011","0","0"
"1994","160638883","30000000"
"1962","7700000","2200000"
"2023","21600000","45000000"
"2012","208076205","85000000"
"2006","34740192","0"
"2024","751736617","150000000"
"1951","0","0"
"2024","0","27200000"
"2016","782837347","58000000"
"1995","25405445","7000000"
"2000","465361176","103000000"
"2013","282570682","135000000"
"2006","291465000","90000000"
"2016","543934787","178000000"
"1983","80200000","39000000"
"1997","238207122","125000000"
"2019","21360215","30000000"
"1999","16797191","32000000"
"2007","97800000","100000000"
"2021","163692228","150000000"
"2019","256067149","20000000"
"1999","48500000","37000000"
"2018","791658205","178000000"
"2015","101134059","60000000"
"2013","47135966","15000000"
"2024","2681023","0"
"2021","46900000","30000000"
"2009","302500000","175000000"
"2014","657870525","165000000"
"1972","27000000","130000"
"2014","772776600","170000000"
"2016","40423945","4000000"
"2011","39187783","8000000"
"2022","6175213","5000000"
"1952","7200000","2540800"
"2018","348807090","130000000"
"2019","47582563","12000000"
"1994","170362582","45000000"
"1993","137300000","85000000"
"2024","0","5000000"
"1942","0","0"
"2005","56681566","43000000"
"2025","3159310","0"
"2025","24727058","23500000"
"2022","203000000","90000000"
"2020","122252","25000000"
"1996","165600000","44000000"
"2021","61779301","17000000"
"2020","10550350","14000000"
"2018","214115531","80000000"
"2006","197300000","85000000"
"2021","1921847111","200000000"
"2022","15113105","1000000"
"2023","0","80000000"
"2000","47386287","60000000"
"1977","50750000","22000000"
"1993","10696210","22000000"
"1996","0","0"
"1995","529766","8000000"
"2021","39400000","50000000"
"2011","449326618","150000000"
"1997","67711748","16500000"
"1993","12600000","12500000"
"1979","23400000","17500000"
"2016","65046687","4000000"
"2015","0","20000000"
"2024","1134275","0"
"2011","59400000","15000000"
"1959","8000000","2000000"
"2015","215863606","68000000"
"2017","527000000","150000000"
"1979","107000000","7000000"
"2006","101600000","64000000"
"2024","6380079","2000000"
"2019","473123154","79000000"
"2011","9612469","36000000"
"2000","14493284","0"
"2006","100523181","8000000"
"2024","631272","12000000"
"2015","519311965","130000000"
"2019","405000000","170000000"
"2020","169601036","200000000"
"2010","3317662","0"
"2024","692018","0"
"2022","0","49000000"
"2021","2652725","24350000"
"2010","42045846","32000000"
"2023","37800000","50000000"
"2021","843965","0"
"2021","5040860","0"
"1981","195300000","28000000"
"2002","51386477","70000000"
"1998","131183530","45000000"
"2016","93282604","27000000"
"2018","17700000","19000000"
"2024","109500000","7000000"
"2012","74597643","40000000"
"2011","174822325","163000000"
"2013","970766005","76000000"
"2003","74208267","60000000"
"2018","785896632","110000000"
"2018","93411426","15000000"
"2011","9065101","0"
"2011","219851172","200000000"
"2012","37930465","15000000"
"2005","18637690","3000000"
"2018","366082797","22000000"
"2022","21591034","4000000"
"1960","60000000","12000000"
"1968","42300000","5500000"
"2017","29322339","0"
"2012","1081041287","250000000"
"2012","201585328","42000000"
"2012","314975955","100000000"
"2024","40392664","5000000"
"2020","9458590","0"
"2012","198800000","125000000"
"2005","105300000","88000000"
"2025","4755330","55000000"
"2002","119137784","50000000"
"1988","288752301","30000000"
"2025","0","75000000"
"2019","9923127","5740000"
"2008","23760176","0"
"1996","24800000","15000000"
"2019","31626978","34000000"
"2020","25200000","10000000"
"2020","2200000","35000000"
"2009","886686817","90000000"
"2022","7834405","0"
"1985","36230219","10000000"
"2017","0","60000000"
"2025","3182680","3000000"
"2022","0","35000000"
"1979","43004381","8000000"
"2015","15187789","0"
"2022","434280","0"
"2018","160542134","88000000"
"1982","14400000","2500000"
"2011","334615000","125000000"
"2022","0","65000000"
"2004","200800000","50000000"
"2019","111037232","20000000"
"2007","219900000","30000000"
"2020","15100000","5000000"
"2024","969280910","100000000"
"1965","111858363","11000000"
"2004","57678321","25000000"
"1997","153000000","57000000"
"2011","481800873","93000000"
"1982","41722424","28000000"
"2016","28000000","35000000"
"1994","763455561","45000000"
"2017","148700000","175000000"
"1993","920100000","63000000"
"1993","40903593","25000000"
"2019","480522","0"
"2013","3639345","11000000"
"2023","1645196","5500000"
"1996","20100000","3800000"
"","0","0"
"1993","60613008","17000000"
"2003","940335536","94000000"
"2024","21418477","30000000"
"2012","877244782","95000000"
"2025","0","38000000"
"2011","426590315","13000000"
"2016","521170825","145000000"
"2014","242688965","120000000"
"2024","76756109","15000000"
"2024","32978510","115000000"
"2012","301970083","150000000"
"2007","80276156","30000000"
"2018","31672678","40000000"
"2025","134251500","40000000"
"2013","21800000","35000000"
"2008","393616788","37000000"
"2022","13900000","3000000"
"2024","3139717","18000000"
"2025","194099875","270000000"
"2008","14800000","20000000"
"2015","120453155","10000000"
"2022","881","1000000"
"2013","32935319","11000000"
"2001","210002906","17000000"
"2018","938055","2900000"
"2023","125319714","13000000"
"2018","95918706","15000000"
"2014","174600318","30000000"
"2022","23068596","0"
"2024","128888103","75000000"
"2025","32947032","18000000"
"2014","192330738","55000000"
"2023","46247409","70000000"
"2022","144353965","24000000"
"2019","0","0"
"1988","41000000","3700000"
"2024","2106733","20000000"
"2018","46712809","25000000"
"2017","177900000","69000000"
"2019","76419755","60000000"
"2023","337371917","100000000"
"2014","1169603","0"
"2019","33224654","6000000"
"1992","231605150","31000000"
"2023","0","0"
"1987","29180280","6000000"
"1953","2000000","2000000"
"1989","26800000","18000000"
"2010","13657649","14000000"
"2024","1970445","20000000"
"2018","5566776","9800000"
"2012","55404207","26000000"
"2022","13900000","30000000"
"2007","86658558","70000000"
"2023","65452","0"
"1984","333000000","28000000"
"2017","67200000","33000000"
"2010","90029656","40000000"
"2012","102731865","12000000"
"2023","298776052","72000000"
"2003","123200000","70000000"
"1996","231976425","27000000"
"1989","474171806","48000000"
"2024","206400287","195000000"
"2021","432243292","150000000"
"2010","16537336","0"
"2018","66316289","17000000"
"2010","45491656","10500000"
"2010","12966357","6000000"
"1995","5987386","2500000"
"2015","105000000","30000000"
"1981","58972904","5500000"
"2020","49500000","7000000"
"2023","476375","50000000"
"2003","26000000","2800000"
"2010","24145613","20000000"
"2025","89722806","40000000"
"2024","190309707","110000000"
"1993","8259076","6900000"
"2018","421798","35000"
"2005","10198805","0"
"2022","323638107","0"
"1997","124909762","35000000"
"2019","120600000","49000000"
"1992","149000000","55000000"
"1967","16217773","3200000"
"2022","4495365","0"
"2019","1131927996","160000000"
"1955","0","795000"
"1939","402352579","4000000"
"2017","381545846","55000000"
"2009","524028679","90000000"
"2012","50365377","58000000"
"2022","137743924","24000000"
"2003","17400000","20000000"
"2002","273144151","80000000"
"2004","22605153","25000000"
"2023","297144130","20000000"
"1998","198685114","55000000"
"1998","171757863","60000000"
"1989","79300000","15000000"
"1992","10725228","12500000"
"2008","152039882","40000000"
"2014","19054534","12600000"
"2018","428028233","120000000"
"2018","16367326","3500000"
"2003","179265204","78000000"
"1990","8266343","11000000"
"1974","35700000","1400000"
"1940","76411819","2280000"
"2017","150847207","30000000"
"1995","64350171","35000000"
"2021","195870885","0"
"2020","52300000","34000000"
"2020","42698327","17000000"
"2004","96500000","37000000"
"2015","52395996","25000000"
"2020","0","0"
"2019","157563598","20000000"
"1998","116700000","70000000"
"2010","107000000","50000000"
"2012","5994921","0"
"2004","31635150","21000000"
"2024","12641938","15000000"
"2024","7021101","18000000"
"2008","222231186","85000000"
"1997","230098753","20000000"
"2021","153000000","45000000"
"2016","334897606","120000000"
"2015","332207671","175000000"
"2004","219417255","60000000"
"1981","24600832","2000000"
"2021","2000000","45000000"
"2014","714766572","170000000"
"2021","146745280","82000000"
"2017","18200000","3000000"
"2003","7266209","75600000"
"1997","100000000","25000000"
"2017","171539887","40000000"
"2016","19727392","0"
"2004","54700105","33000000"
"2005","745013115","180000000"
"1984","30982607","40000000"
"1994","17121947","0"
"1951","7000000","1200000"
"2017","605425157","217000000"
"2003","176070171","60000000"
"1950","263600000","2900000"
"1970","81600000","3500000"
"2011","10800000","7000000"
"2021","34891791","40000000"
"1976","225253184","1000000"
"2007","37311672","16500000"
"2010","112483764","85000000"
"2024","5705895","3000000"
"2013","87100449","12000000"
"1997","60527873","27000000"
"2005","0","0"
"1993","36700000","32000000"
"1988","60300000","32000000"
"2012","41863726","40000000"
"2011","57777106","66000000"
"2026","0","0"
"1997","8038061","18000000"
"2010","282548","3000000"
"1984","0","420000"
"2024","458718000","310000000"
"2017","225973340","177200000"
"2009","0","0"
"2014","126069509","40000000"
"2024","23508220","0"
"1988","188593712","7500000"
"1968","0","947000"
"2006","61108981","0"
"1990","261317921","65000000"
"1998","29202884","30000000"
"1969","102308889","6000000"
"2011","48147945","40000000"
"2024","50145227","9600000"
"2003","655011224","140000000"
"1995","213216216","72000000"
"1997","3836866","15000000"
"2011","232617430","90000000"
"2016","43763247","30000000"
"2022","170823080","68000000"
"1973","29800000","3000000"
"1992","105232691","23000000"
"2006","120654337","40000000"
"2000","59468275","83000000"
"1989","8800000","0"
"2011","150406466","130000000"
"2010","102800000","30000000"
"2009","185258983","130000000"
"2011","142044638","56000000"
"2010","415686217","155000000"
"2006","7385434","15500000"
"2011","127900000","50200000"
"2023","21800000","30000000"
"1941","0","0"
"2011","13500000","30000000"
"2024","32227855","40000000"
"1981","0","0"
"2013","47300000","20000000"
"2010","0","15000000"
"2021","90146510","18000000"
"2015","38362448","0"
"1973","22018000","0"
"2004","11141307","0"
"1982","53977250","16000000"
"2025","30823000","21035003"
"1995","21300000","20000000"
"2007","69307224","35000000"
"2016","200242","700000"
"1994","108400000","60000000"
"2000","9902115","15000000"
"2025","15900000","21700000"
"2011","694713380","145000000"
"1992","178051587","45000000"
"2007","266500000","100000000"
"2021","130423032","100000000"
"1995","113493481","90000000"
"2009","2923706026","237000000"
"1989","92823546","16000000"
"2018","119942387","30000000"
"2023","21013738","20000000"
"2023","2000000","10000000"
"2005","65079104","65000000"
"1988","50888000","7000000"
"1957","1200000","935000"
"1955","8750000","2500000"
"1999","83137864","21000000"
"1964","14500000","200000"
"2014","348319861","34000000"
"2024","60934894","20000000"
"2018","67450815","35000000"
"1970","0","0"
"2019","67900000","25000000"
"1976","60922980","2800000"
"2019","194694725","20000000"
"2007","13097915","60000000"
"2020","21029340","6000000"
"2003","259175788","120000000"
"2022","9464198","30000000"
"2014","58834384","28000000"
"2021","204334455","75000000"
"2011","147332697","32000000"
"1992","2859750","1200000"
"2013","47351251","23000000"
"2003","1752988","6000000"
"1956","48980","0"
"2011","177584879","66000000"
"2009","29000000","27000000"
"1988","171504781","20000000"
"2024","94182533","55000000"
"2018","395607854","75000000"
"2021","103966489","40000000"
"2011","75055070","30000000"
"1998","14594226","75000000"
"2001","31200000","12000000"
"2002","78382433","85000000"
"1986","183316455","18500000"
"2014","42028116","0"
"2013","587204668","135000000"
"2021","18867659","17000000"
"2011","245700000","135000000"
"1996","242295562","100000000"
"1990","103738726","47000000"
"2022","168800000","20000000"
"1966","2000000","0"
"2000","119754278","16000000"
"2005","89100000","32000000"
"2022","108961677","50000000"
"1999","134403112","75000000"
"2017","63147576","0"
"2004","90574188","26000000"
"1998","363258859","80000000"
"2018","737286","0"
"1974","20200000","500000"
"1973","159616327","5500000"
"2022","0","75000000"
"1988","34994648","29000000"
"2012","198100000","45000000"
"2012","624000000","225000000"
"2024","349698","0"
"2008","113200000","50000000"
"2013","63300000","44000000"
"1979","104931801","11000000"
"2011","80600000","30000000"
"1988","354825435","25000000"
"2014","50300000","8500000"
"2023","106771806","0"
"2019","257591776","11363000"
"2004","631442092","92000000"
"2012","132800000","40000000"
"2003","24342320","0"
"2006","82800000","45000000"
"2021","14400000","200000000"
"2016","205754447","60000000"
"2017","639812","0"
"2015","880707597","245000000"
"2012","82515113","3000000"
"2016","175302354","40000000"
"2021","39053","0"
"2022","150797338","0"
"1994","0","40000000"
"2024","370962265","155000000"
"1984","0","0"
"2023","202231360","30000000"
"2023","189086877","16000000"
"2022","15741780","250000"
"1990","1009767","0"
"2018","75836683","35000000"
"2024","1699044","0"
"1978","70260597","325000"
"1994","677387716","55000000"
"2017","14793385","30000000"
"1956","8000000","3000000"
"2019","25775371","6500000"
"2024","95399186","38400000"
"2024","2160","0"
"2002","122563539","80000000"
"2018","18200000","3200000"
"1995","15300000","2600000"
"1980","83453539","3500000"
"2002","27362712","8000000"
"2021","30552111","100000000"
"2019","146661977","40000000"
"2019","125000000","37500000"
"1935","3202000","609000"
"2011","83200000","36000000"
"1984","78371200","6400000"
"2017","807816196","175000000"
"2013","644783140","170000000"
"2016","1056057273","200000000"
"2015","834927","0"
"2023","2349665","0"
"2002","8400000","55000000"
"2024","37182814","20000000"
"2013","1713850","0"
"1997","131457682","70000000"
"1987","51881012","23000000"
"2012","303025485","209000000"
"2005","178043761","14000000"
"2024","138003641","65000000"
"2023","0","83000000"
"2013","199850315","90000000"
"2021","26508132","125000000"
"1995","107879496","62000000"
"2002","15249308","3000000"
"2024","168610271","90000000"
"2022","772319315","185000000"
"2016","358000000","0"
"2008","6032296","0"
"2011","226904017","75000000"
"2003","245360480","137000000"
"2024","42247783","100000000"
"2002","275650703","84000000"
"2018","87825916","10000000"
"2021","3777969","0"
"1989","8500000","18000000"
"2021","0","0"
"2013","286168572","120000000"
"2013","36324232","0"
"1995","4257354","4000000"
"2012","196114570","30000000"
"2001","976475550","125000000"
"2022","75734910","20000000"
"2008","585174222","140000000"
"1982","77737889","22000000"
"1999","28451622","6500000"
"2014","0","0"
"2013","392000000","100000000"
"2013","60141683","2500000"
"2011","169900000","80000000"
"2014","257589952","6500000"
"2023","12976079","11300000"
"2021","33276075","40000000"
"2018","371985018","55000000"
"2019","252442974","200000000"
"2005","314400000","150000000"
"2007","66122026","25000000"
"2014","244819862","100000000"
"2007","14759148","4000000"
"1989","411348924","35000000"
"2009","8100000","0"
"2024","12610418","22000000"
"1928","0","0"
"2022","29048571","35000000"
"2016","90632641","18000000"
"2004","0","0"
"2023","104272136","80000000"
"2019","801693929","125000000"
"2012","218300000","60000000"
"2025","2183539","10000000"
"2018","529323962","175000000"
"1962","13129846","2000000"
"2006","946590","0"
"2017","3878208","0"
"2012","33384127","13000000"
"2024","56286295","6000000"
"2025","129727367","50000000"
"2020","215905815","65000000"
"2011","35100000","6400000"
"1973","10000000","1200000"
"2013","105200000","60000000"
"2013","1956267","0"
"2014","331333876","50000000"
"1999","38256","6000000"
"1981","389925971","18000000"
"2015","440603537","155000000"
"1997","121214377","105000000"
"2023","1743976","0"
"2002","84661434","8000000"
"2006","62022014","33000000"
"2021","176248","0"
"2010","49050886","21000000"
"2024","331982078","78000000"
"2025","163235091","90000000"
"1990","240031094","70000000"
"1997","225900000","10000000"
"2006","99255460","35000000"
"1985","502758","5000000"
"1939","33754967","2777000"
"2013","1585582","10000000"
"2008","76000000","35000000"
"2012","275300000","65000000"
"2023","440157245","100000000"
"2014","755356711","125000000"
"2023","1700000","0"
"2015","0","3500000"
"2020","31220247","0"
"2007","938212738","150000000"
"2016","71261763","50000000"
"2024","53453611","0"
"2022","86700000","35000000"
"2003","116643421","30000000"
"2009","90508336","17500000"
"1962","50100000","10000000"
"1983","21500000","27000000"
"2024","3016380","23200000"
"1990","14569027","9500000"
"1998","349464664","75000000"
"2024","5000","60000000"
"2010","336365676","200000000"
"2000","58292295","85000000"
"2020","1122066","30000000"
"1991","424967620","25000000"
"2012","145000000","15000000"
"2024","12648664","0"
"1994","128953581","28000000"
"2007","7090891","0"
"1998","3221152","60000"
"2009","709827462","50000000"
"2022","9071701","0"
"1998","16330622","0"
"2003","160466000","40000000"
"2015","36606743","20000000"
"2023","121400000","60000000"
"1946","10682000","250000"
"2009","127900000","53000000"
"2019","2858846","0"
"2022","5700000","0"
"2025","0","180000000"
"2005","603873119","132000000"
"2010","167805466","100000000"
"2001","94700000","35000000"
"1984","57004513","1800000"
"2008","159808370","35000000"
"2005","20768817","0"
"2022","167635712","75000000"
"2004","11900000","6500000"
"2019","18377736","26000000"
"2017","3283369","2000000"
"1993","116300000","40000000"
"2022","250162278","80000000"
"2014","114178613","95000000"
"2019","10054356","20000000"
"2011","151119219","17000000"
"2001","71441250","21000000"
"1984","20500000","9000000"
"1999","108000000","75000000"
"2003","55534455","17000000"
"2020","69965374","200000000"
"2012","107139399","60000000"
"1985","27399597","4500000"
"2024","397378150","160000000"
"1984","316360478","14000000"
"2021","297372261","55000000"
"2016","0","0"
"2006","76300000","15000000"
"2018","392952373","250000000"
"2014","470759687","60000000"
"2020","0","70000000"
"2001","91753202","40000000"
"2007","28430000","2600000"
"2015","49263404","30000000"
"1989","297000000","7500000"
"2012","1108594176","200000000"
"2016","245623848","135000000"
"1963","22200000","3000000"
"2006","178262620","45000000"
"2017","205000000","22000000"
"1971","0","450000"
"2013","1215577205","200000000"
"2010","71594792","0"
"2021","106645","0"
"2021","0","70000000"
"1968","71923560","12000000"
"2021","84426031","20000000"
"2010","1067316101","200000000"
"2012","73100000","42000000"
"2007","92991835","25000000"
"2021","70060492","70000000"
"2012","67282623","13000000"
"2012","276600000","130000000"
"1962","59000000","1000000"
"2021","29942746","30000000"
"2019","338632","0"
"2003","250397798","128000000"
"2004","152159461","30000000"
"2024","39856","0"
"1999","60300000","90000000"
"2024","36010728","37315205"
"2005","76669554","30000000"
"2000","104155843","33000000"
"2005","15785148","15000000"
"1996","22754725","44000000"
"2010","49830607","19000000"
"2024","6205230","40000000"
"2018","97644617","20000000"
"2019","5078942","0"
"1993","177000000","40000000"
"1999","28121100","38000000"
"2017","12294931","8000000"
"2002","165333180","60000000"
"2024","3300000","18000000"
"2008","342463063","75000000"
"1979","0","0"
"2023","14114415","10000000"
"2013","491868548","200000000"
"2014","10100000","14000000"
"2025","94988235","15800000"
"1999","48350205","40000000"
"2013","226349749","50000000"
"2023","54700000","20000000"
"2016","112343513","38000000"
"2021","0","21700000"
"2001","56359980","60000000"
"2004","1574623","1000000"
"2009","70000000","9000000"
"2023","845600000","250000000"
"2012","829747654","120000000"
"1978","0","0"
"2016","3546960","0"
"1999","176885658","80000000"
"1987","10900000","3500000"
"2005","230900000","100000000"
"2008","4383538","20000000"
"1978","187884000","20000000"
"2008","108902486","32000000"
"2002","43900000","21000000"
"2010","226497209","95000000"
"2019","127400000","100000000"
"2001","0","0"
"2016","140312928","12000000"
"1968","0","0"
"2010","152300000","55000000"
"2015","297002527","110000000"
"2007","57470220","18000000"
"2024","24109036","50000000"
"2021","6459306","9100000"
"2022","181796517","12000000"
"2025","422256","0"
"2003","16690617","10000000"
"1983","63541777","6200000"
"2008","226830568","25000000"
"2017","1034800131","80000000"
"2022","55101305","3000000"
"2000","248118121","75000000"
"1990","8633074","0"
"2008","786636033","185000000"
"2020","0","50300000"
"1987","49500000","15000000"
"2019","91500000","50000000"
"2006","38629478","70000000"
"2022","2739967","0"
"2007","894983373","258000000"
"2024","0","47000000"
"2019","0","17000000"
"2003","87100000","24000000"
"2025","5800000","0"
"2018","20545116","16000000"
"1994","214015089","55000000"
"2017","125983972","18300000"
"2005","88900000","70000000"
"1994","0","2700000"
"1961","13400000","7775000"
"2016","19496308","0"
"1982","177200000","21000000"
"2006","68844775","18000000"
"1999","22863596","13000000"
"2024","3301976","0"
"2019","167300000","40000000"
"2024","0","38800000"
"2010","409912892","170000000"
"2006","130224158","50000000"
"2008","163700000","37000000"
"1993","183875799","44000000"
"2007","159814490","10000000"
"2019","225508210","97600000"
"2023","4232370","20000000"
"2011","72526996","21000000"
"2001","347325802","90000000"
"2025","12117647","11764705"
"2004","10143022","10000000"
"2012","358375603","85000000"
"2014","581011","0"
"2011","173900000","40000000"
"2023","46553280","15000000"
"1993","266614059","38000000"
"2008","264770996","150000000"
"2012","104907746","95000000"
"2012","35500000","12000000"
"2023","300000","80000000"
"2024","0","85000000"
"2016","207945075","20000000"
"2024","504938","0"
"2024","0","7000000"
"2014","326088587","55000000"
"2008","0","0"
"1995","394436586","30000000"
"2018","2052415039","300000000"
"1995","50012507","20000000"
"2001","4035384","15000000"
"2022","34148750","38000000"
"1984","90007557","18000000"
"1999","361832400","135000000"
"2009","933959197","250000000"
"2011","78100000","15000000"
"2018","910813521","52000000"
"1995","23500000","0"
"2002","24665649","25000000"
"2020","43387445","18000000"
"1999","36911617","51000000"
"1953","5300000","2300000"
"2022","160000000","69000000"
"1971","0","0"
"1996","25800000","19000000"
"2014","17150803","8000000"
"2008","55447968","0"
"2004","102000000","90000000"
"2025","24109735","20000000"
"1946","9644124","3180000"
"1974","30000000","6000000"
"2008","1100000","6500000"
"2002","242875078","41000000"
"1989","37300000","6500000"
"2012","396600000","170000000"
"2018","93320380","35000000"
"2016","155160045","44000000"
"2015","473200000","80000000"
"2021","389778","0"
"2019","0","49000000"
"2019","1662020819","260000000"
"1995","56631572","12000000"
"2012","757930663","215000000"
"2019","17643857","18000000"
"2011","170323","0"
"2018","1822043","0"
"1997","12532777","36000000"
"1983","66023329","25000000"
"2001","23895574","0"
"1999","23300000","50000000"
"2017","33673","0"
"2016","634151679","75000000"
"2023","59629242","5000000"
"2006","171700000","100000000"
"2021","677946","0"
"2024","181073291","125000000"
"2021","7230000","0"
"2007","0","0"
"1997","41200000","28000000"
"1992","10000","10000"
"2024","478103649","120000000"
"1999","76347426","10500000"
"1998","294500000","71000000"
"2013","743600000","200000000"
"2003","34000000","15000000"
"1988","34670720","14000000"
"2010","48668907","120000000"
"2016","23834809","46000000"
"2004","26781723","2500000"
"1987","25900000","27000000"
"2023","121700000","60000000"
"1980","538400000","18000000"
"2003","484592874","80000000"
"2007","623726000","150000000"
"2019","171616764","100000000"
"2018","80900000","0"
"2007","128453183","60000000"
"1991","83531958","24000000"
"2017","840809","10500000"
"2010","6703873","0"
"1982","73951475","20000000"
"1985","9900000","15000000"
"2023","42513270","13000000"
"1980","21448830","1000000"
"2025","0","300000000"
"2008","22707064","0"
"2016","48782670","25000000"
"2021","0","15000000"
"2015","378858340","150000000"
"2001","316800000","58000000"
"2022","97300000","50000000"
"1998","21567853","25000000"
"2018","12371132","15000000"
"2007","67100000","15000000"
"2021","8804000","15000000"
"1995","355237933","52000000"
"1979","100000000","350000"
"2002","154906693","55000000"
"2021","33457923","0"
"2010","105734416","38000000"
"2018","384298736","90000000"
"2003","1118888979","94000000"
"2022","13000000","6200000"
"2001","173921954","10000000"
"2025","7261843","6441957"
"2015","14900000","15000000"
"1968","32589624","5800000"
"1966","0","0"
"2000","256271286","52000000"
"2007","13219807","0"
"2019","173469516","140000000"
"2020","20150000","0"
"2022","104374176","20000000"
"2023","168961389","35000000"
"1971","116019547","7200000"
"1998","25232289","46000000"
"2008","85897593","30000000"
"1995","182000000","24000000"
"2023","6850036","25000000"
"2017","45158254","19000000"
"1987","39321715","18000000"
"2022","45629909","40000000"
"2011","149900000","50000000"
"2019","72381712","45000000"
"2022","0","119"
"2022","137307235","90000000"
"2013","304654182","92000000"
"2014","5735963","13300000"
"2001","20289986","15000000"
"2007","80600000","12000000"
"1987","14575193","1000000"
"2009","1594955","12000000"
"2018","75100000","28000000"
"1973","53267000","12000000"
"1954","10000000","2239000"
"1963","57779280","44000000"
"2010","237382724","112000000"
"2004","130300000","70000000"
"2017","17422935","0"
"2024","35340015","9000000"
"2022","13900000","32000000"
"1998","250288523","95000000"
"2015","475846","1800000"
"2005","374218673","150000000"
"2011","165184237","45000000"
"2006","65600000","3500000"
"2019","91500000","13500000"
"2016","49851770","10951000"
"2007","95700000","61000000"
"2007","170800000","20000000"
"2014","362600000","125000000"
"1982","36690067","2200000"
"2008","32900000","40000000"
"2013","286140700","115000000"
"1981","25533818","2500000"
"1985","61389680","19000000"
"2024","852000","0"
"2020","49276818","90000000"
"2010","86387857","69000000"
"1980","0","1500000"
"2021","39629195","60000000"
"2004","109502303","16000000"
"1997","8969065","257899"
"1997","51376861","30000000"
"1991","22773535","29000000"
"2008","521311860","180000000"
"1973","441306145","12000000"
"2019","92600000","7000000"
"2019","69766483","20000000"
"2023","26874347","65000000"
"2023","47281670","25000000"
"1997","109423648","50000000"
"2023","0","4300000"
"2007","92601050","28000000"
"2021","23384502","20000000"
"2023","689000","0"
"2017","39091","3500000"
"2025","0","0"
"2013","187000000","20000000"
"2016","509183536","30000000"
"2018","27365467","2800000"
"2015","532950503","135000000"
"2010","83188165","24000000"
"2007","87238158","20000000"
"2023","209646030","95000000"
"2016","78600000","29000000"
"1984","86572238","10000000"
"2023","269670590","38500000"
"2020","13416285","6300000"
"1995","113400000","35000000"
"2000","237200000","90000000"
"2025","282916","0"
"1992","280000000","80000000"
"1983","124600000","12000000"
"1998","142940100","90000000"
"1990","46800000","25000000"
"2007","29625761","45000000"
"2019","125348","64988"
"2027","0","0"
"2007","77208711","25000000"
"2019","1453683476","150000000"
"2012","54819301","30000000"
"2017","259239658","150000000"
"1959","51600000","6000000"
"2009","242988466","100000000"
"2018","16706680","5000000"
"2022","20541","9000000"
"2022","104088441","50000000"
"2022","20300000","60000000"
"2019","23076657","250300"
"2009","31556061","16000000"
"2014","485004754","125000000"
"2010","24200000","30000000"
"1995","11694663","0"
"2019","0","150000000"
"2002","368744044","5000000"
"2021","156497322","190000000"
"2005","262511490","75000000"
"2023","441381193","195000000"
"1993","0","0"
"2017","195300000","19500000"
"2022","15902207","43000000"
"2021","470116094","200000000"
"2017","26617621","0"
"1985","41400000","6900000"
"2022","44000000","23000000"
"2000","113900000","45000000"
"1977","775398007","11000000"
"2011","33750478","13000000"
"2018","132675864","103000000"
"1987","16057580","25000000"
"2017","2332018","6500000"
"2010","98159963","75000000"
"2013","91266581","3000000"
"2004","935454538","150000000"
"2013","5200000","30000000"
"2020","205537933","75000000"
"1977","306889114","20000000"
"2006","0","0"
"2018","0","19800000"
"2006","26251232","0"
"2018","4345395","0"
"2011","82087155","35000000"
"2024","7614966","0"
"2010","75026327","8000000"
"2011","31410151","24000000"
"2020","7547254","0"
"2002","16872671","40000000"
"1983","0","0"
"1968","33395426","3200000"
"2005","7000000","30000000"
"2025","34861127","25000000"
"2002","172842355","65000000"
"2018","26000000","29000000"
"2009","386839614","150000000"
"2005","186800000","28000000"
"2022","0","0"
"2013","351040419","105000000"
"1994","223664608","60000000"
"2004","265126918","40000000"
"2018","530517320","150000000"
"2014","67800064","22000000"
"2014","10300000","2000000"
"2025","6705000","5882000"
"2010","71143529","0"
"2023","20703794","30000000"
"2009","791217826","200000000"
"2017","15366466","25000000"
"2012","306941670","145000000"
"2004","788976453","200000000"
"1999","162100000","65000000"
"2008","150816700","23000000"
"2008","1880000","0"
"2024","20592796","50000000"
"2021","186542","0"
"1989","10647219","16000000"
"2024","24856027","3000000"
"1999","100853753","63000000"
"2024","150008115","0"
"2024","36178","0"
"2016","124827316","40000000"
"2005","371600000","70000000"
"2013","12705094","0"
"1990","15691192","47000000"
"2019","50401502","25000000"
"2017","61294644","6000000"
"1992","358994850","18000000"
"2020","507119058","15700000"
"2017","56303596","5000000"
"2008","195702811","92000000"
"2016","109906372","38000000"
"1999","164648231","60000000"
"1951","57200000","3000000"
"1999","286801374","60000000"
"2009","32400000","18500000"
"2008","335800000","150000000"
"2019","77276321","95000000"
"2019","1011305","10000000"
"2011","15800000","15774948"
"2016","109573511","30000000"
"1918","0","0"
"2021","0","40000000"
"2023","1500000","4920000"
"1997","178127760","116000000"
"1954","105000000","2000000"
"2021","41914915","25000000"
"1993","56500000","25000000"
"2021","1905058","10000000"
"1999","90683916","45000000"
"2023","254997360","175000000"
"2018","528600000","80000000"
"2025","40420193","25000000"
"2015","312296056","61000000"
"2011","216197492","20000000"
"1982","792965500","10500000"
"2011","98000000","40000000"
"2004","203600000","120000000"
"1993","35739755","20000000"
"1999","100230832","55000000"
"1989","4493017","6900000"
"2009","0","3000000"
"2006","57103895","17000000"
"2016","211952420","35000000"
"1982","27150534","15000000"
"2001","87754044","19800000"
"2000","107626125","46000000"
"2019","39055536","11000000"
"1990","45681173","35000000"
"2011","216600000","25000000"
"2024","350993761","25000000"
"2020","992103","0"
"2004","216763646","30000000"
"2011","149700000","79000000"
"2018","0","175000000"
"2024","404547819","100000000"
"2019","78871079","16000000"
"1984","40400000","28000000"
"2023","615023132","73800000"
"2016","23730891","10000000"
"2018","3902796","0"
"2016","296482446","110000000"
"1992","75505856","40000000"
"1998","56709981","70000000"
"1973","0","0"
"2022","79628200","35000000"
"2013","7449778","0"
"2017","1332698830","200000000"
"1999","415885488","80000000"
"2023","496444308","200000000"
"2024","19958572","30000000"
"1991","205405498","40000000"
"2018","3300000","25000000"
"2007","130290885","40000000"
"2002","383257136","59000000"
"2011","214945591","80000000"
"2016","38600000","8575000"
"2013","139745","50000"
"1987","30900000","16000000"
"1986","11102672","25000000"
"2022","24733572","15600000"
"1956","11300000","1200000"
"1999","212000000","100000000"
"2009","485930816","150000000"
"2014","70181428","24000000"
"2014","3494070","4900000"
"1972","245066411","6000000"
"2011","34942188","25000000"
"2008","20416563","12500000"
"2010","6629178","0"
"1998","11203026","45000000"
"2021","0","4000000"
"1933","0","0"
"2022","15000000","12000000"
"2015","194564672","35000000"
"2010","54956140","20000000"
"2003","250779876","40000000"
"2016","1155046416","250000000"
"2018","131523093","42000000"
"2025","52514","10000000"
"2006","186003591","45000000"
"2001","362211740","100000000"
"1997","110463140","50000000"
"1973","140000000","777000"
"2024","261907653","67000000"
"2000","96085477","82000000"
"2022","484700000","90000000"
"2015","133346506","28000000"
"2000","0","0"
"2004","552639571","125000000"
"2007","25005257","18000000"
"2014","370890259","61000000"
"2018","33748006","0"
"2013","16000000","1300000"
"1973","109133","0"
"2019","261119292","185000000"
"2012","425368238","100000000"
"2023","29637811","28000000"
"2013","12947880","0"
"1995","23300000","6000000"
"2024","173775791","170000000"
"2015","414351546","81000000"
"2022","139200000","25000000"
"2016","118102725","38000000"
"1976","70600000","8500000"
"2012","44057737","0"
"2007","527068851","75000000"
"2025","1664509","0"
"2023","1281","65500000"
"2022","69633110","70000000"
"1997","122417389","38000000"
"2016","37357216","40000000"
"2023","24094016","14000000"
"1998","40283321","15000000"
"1994","62000000","45000000"
"2016","64400000","24000000"
"2010","623933331","200000000"
"1992","352927224","49000000"
"1985","59612888","8000000"
"1974","86273333","2800000"
"2024","525704","0"
"2007","69766619","70000000"
"1997","22619699","29000000"
"2018","53918723","25000000"
"2007","459200000","130000000"
"2024","15102319","0"
"1988","239606210","14000000"
"2016","966550600","175000000"
"2001","29419291","35000000"
"2005","57479076","22000000"
"1995","104324083","60000000"
"2011","157887643","40000000"
"2002","296938801","63000000"
"2007","11293663","12000000"
"2002","108846217","25000000"
"2022","0","70000"
"2015","42972994","25000000"
"1990","41482207","50000000"
"1993","255000211","70000000"
"2004","497409852","175000000"
"2024","14602614","0"
"2019","57600000","6000000"
"1993","321365567","22000000"
"2018","94539426","32000000"
"2017","0","10000000"
"2022","101166707","7600000"
"2010","321885765","130000000"
"1996","325300000","100000000"
"1993","48198019","40000000"
"2013","15954700","0"
"2023","275300000","75000000"
"1950","5000000","1752000"
"2003","177500000","50000000"
"1999","497375381","90000000"
"1995","327311859","33000000"
"1997","171120329","90000000"
"2016","1397526","0"
"2012","911467","0"
"1997","178000000","80000000"
"2011","30426096","20000000"
"2010","274470394","80000000"
"2017","43143046","3500000"
"2008","163403799","60000000"
"2012","9148519","1100000"
"2022","67319703","146000000"
"2013","531865000","200000000"
"2023","168000","0"
"2013","260500000","215000000"
"2021","407573628","165000000"
"2025","51648144","14000000"
"2021","107347356","64000000"
"1964","124900000","3000000"
"1996","102825796","47000000"
"2019","392105159","95000000"
"2012","167200000","7000000"
"2011","161900000","27000000"
"2007","40170558","80000000"
"2019","69412425","29900000"
"2001","281929795","25000000"
"2018","8000000","6000000"
"2008","603900354","150000000"
"1976","28579636","1900000"
"1972","84563118","5000000"
"1984","32981717","2200000"
"2005","13411957","25000000"
"2002","24387667","0"
"2008","32350637","7500000"
"1994","28341469","25000000"
"2006","181700000","160000000"
"1998","103900000","73000000"
"2006","760006945","125000000"
"2012","183018522","85000000"
"2019","742718496","22000000"
"1995","179519401","23000000"
"2005","8342132","50000000"
"2024","5101673","8800000"
"2024","0","40000000"
"2023","88902","0"
"2011","0","3000000"
"1972","6497252","0"
"1994","341631208","46000000"
"2005","288500000","40000000"
"2016","1641235","0"
"2020","21700000","5150000"
"2011","55200000","40000000"
"2021","65774490","15000000"
"2016","311000000","10400000"
"2000","91036760","25000000"
"2019","0","19000000"
"2004","177427090","70000000"
"2007","813367380","160000000"
"2005","37228626","0"
"2018","41657844","38000000"
"1999","248639099","60000"
"2002","649398328","120000000"
"1980","58853106","4500000"
"2009","321457747","70000000"
"1997","139804348","53000000"
"1996","494471524","92000000"
"2018","607274134","175000000"
"2013","0","0"
"2019","97400000","21000000"
"1997","43300000","30000000"
"2005","56070433","45000000"
"1994","50083616","18000000"
"2023","1445638421","145000000"
"2019","69497587","14000000"
"2014","458863600","40000000"
"2021","233503234","200000000"
"1957","4360000","397751"
"1981","31973249","10000000"
"2015","6303792","0"
"2006","102338515","80000000"
"2024","21478573","0"
"2006","116755080","51000000"
"2021","36964325","88000000"
"1978","396271103","6000000"
"1990","48572000","11000000"
"2020","6274027","25000000"
"2012","1021103568","250000000"
"2023","159959","0"
"2018","43070915","40000000"
"2023","35634133","6700000"
"2010","215300000","150000000"
"2019","23712097","6200000"
"2008","6673422","25000000"
"2020","68881","0"
"2018","76100000","60000000"
"2024","7125","0"
"2005","93983911","43000000"
"2016","9101546","13000000"
"2005","102900000","58000000"
"1975","0","0"
"1999","94072","0"
"1996","101371017","70000000"
"2016","81700000","9000000"
"2024","318618","30000000"
"2003","86500000","75000000"
"2006","307077295","55000000"
"2025","0","70000000"
"2013","347434178","105000000"
"2006","87528173","50000000"
"2024","2826064","30000000"
"1990","2554712","0"
"1990","17487531","0"
"2011","0","55000000"
"2015","1515400000","190000000"
"2012","68267862","68000000"
"2012","442636309","61000000"
"2018","259939869","10000000"
"2005","154749918","43000000"
"1998","93100000","60000000"
"2023","634502312","125000000"
"2016","30819442","0"
"2015","36869414","15000000"
"2015","22586863","0"
"2017","566652812","185000000"
"2017","24600000","13000000"
"2017","25601244","25000000"
"2025","0","1100000"
"2002","821708551","139000000"
"2017","9400000","17000000"
"1997","48169156","50000000"
"2024","75360860","46000000"
"2001","85498534","48000000"
"2020","14590514","23000000"
"2025","441460000","0"
"1984","81198894","4500000"
"2018","487420","8000000"
"1998","0","0"
"2019","491730089","185000000"
"2018","27507549","12000000"
"2019","15800000","11000000"
"1995","10882920","0"
"2024","126540","13000000"
"2000","128900000","65000000"
"2009","46471023","40000000"
"2024","702842","19000000"
"2002","120098945","35000000"
"1992","156563139","35000000"
"2000","80100000","43000000"
"2021","25860000","0"
"2019","64600152","9000000"
"1999","4152230","25000000"
"2024","714444358","190000000"
"1975","470653000","7000000"
"2018","52390236","10000000"
"2017","863756051","200000000"
"2019","4736031","0"
"1995","39363635","11000000"
"2023","52000000","45000000"
"2013","98337295","38000000"
"2006","65000000","33000000"
"1998","30331165","17000000"
"2020","319715683","85000000"
"2012","376100000","45000000"
"2020","0","21000000"
"2025","2500000","6000000"
"2003","435000000","200000000"
"1993","133752825","25000000"
"2014","746606706","165000000"
"1995","49800000","3600000"
"2024","49520000","31764000"
"2020","177418","0"
"2001","295206","5000000"
"2002","249348933","48000000"
"2022","22044058","0"
"2024","486018457","122000000"
"2017","42170089","0"
"1994","67308282","0"
"2011","39800000","20000000"
"1964","103100000","4650000"
"1997","252712101","85000000"
"2004","96800000","13000000"
"2001","60780981","28000000"
"2014","88761661","20000000"
"2022","49300000","20000000"
"2006","0","24000000"
"2018","8586944","0"
"2025","27000000","30500000"
"2009","52119081","0"
"2010","21520719","0"
"2011","63543328","24000000"
"2008","219400000","35000000"
"2006","77672685","2000000"
"2017","15316635","10000000"
"2005","54600000","7000000"
"2003","207700000","80000000"
"2005","192610372","30000000"
"2002","77885672","85000000"
"2008","101702060","45000000"
"2007","361366633","60000000"
"2010","6788659","6800000"
"1988","216614388","15000000"
"1978","141000000","2700000"
"2024","762183","0"
"2017","56996304","50000000"
"2013","247022278","80000000"
"2007","65270477","25000000"
"2011","586764305","80000000"
"2018","1310466296","170000000"
"2007","456082343","65000000"
"2015","1713406","0"
"2011","36192775","19000000"
"2024","49256239","8000000"
"2000","190213455","95000000"
"2015","84997446","30000000"
"2011","84606030","35000000"
"2014","288885818","85000000"
"2022","72699093","0"
"2017","52946454","5900000"
"2025","12995482","1200000"
"2025","3","0"
"2012","284100000","250000000"
"2003","68000000","5000000"
"2018","1700000","2900000"
"2017","23400000","34000000"
"2006","384335608","100000000"
"2022","37289659","25000000"
"1996","273600000","50000000"
"1997","43101594","15000000"
"1983","187500000","27500000"
"2017","295038508","111000000"
"2024","180828556","70000000"
"2019","1073841394","175000000"
"2008","34533783","15000000"
"2001","450717150","85000000"
"1969","60000000","400000"
"2018","13539709","2000000"
"1980","0","16000000"
"2014","128000000","40000000"
"1951","1850000","995000"
"2020","911000","2500000"
"1974","102600000","13000000"
"2003","270000000","80000000"
"2024","0","15000000"
"1973","400000000","850000"
"2019","8685794","49000000"
"2021","506863592","110000000"
"2024","100498764","80000000"
"2021","703281","5000000"
"2017","56385","0"
"2012","44806783","65000000"
"2023","208200000","151000000"
"2014","370541256","178000000"
"2024","201967521","100000000"
"2020","4971635","0"
"2023","369081777","85000000"
"1985","14241310","4000000"
"1988","84554197","15000000"
"1986","356830601","15000000"
"2006","47231070","51000000"
"2022","56000000","0"
"1992","19581369","0"
"2024","96221061","200000000"
"2001","59217789","10000000"
"2017","3603484","11795877"
"2007","137587063","60000000"
"2000","173959438","30000000"
"2024","0","5270000"
"1998","23900000","20000000"
"2000","124700000","60000000"
"2006","68625104","22000000"
"2003","17500000","3000000"
"1954","960000","910000"
"2024","54114815","0"
"2023","18685751","20000000"
"1968","6800000","1800000"
"1993","75634409","18000000"
"2012","0","210297"
"2012","236412453","21000000"
"2006","574480841","110000000"
"1997","26700000","60000000"
"2006","660998756","80000000"
"2025","0","320000000"
"1988","329800000","70000000"
"2023","0","32500000"
"2017","10060903","0"
"2024","43015969","28000000"
"2017","995339117","90000000"
"2022","71476","100000000"
"2022","45400000","4500000"
"2002","109578115","140000000"
"1990","424208848","22000000"
"2001","147080413","102000000"
"2001","141069860","40000000"
"2024","20571534","13000000"
"2007","548192","5000000"
"2023","136284218","30000000"
"1995","141407024","19000000"
"2023","97578","3000000"
"2016","85241496","19000000"
"1998","25824","0"
"2002","71142361","35000000"
"2024","76506196","17500000"
"1964","11000000","560000"
"1989","0","0"
"2016","88528280","36000000"
"2014","84419388","40000000"
"2020","107423","35000000"
"2020","144492724","7000000"
"1959","5750000","1200000"
"1993","27900000","3500000"
"2003","17949758","7000000"
"2018","1349926083","200000000"
"2025","715074","4250000"
"2005","35294470","30000000"
"2024","16302703","26000000"
"2010","149660003","23000000"
"2022","0","2800000"
"2014","28831145","25000000"
"2004","113100000","37000000"
"2006","65900249","90000000"
"2015","52920296","0"
"2007","42496749","0"
"2003","0","0"
"2015","653428261","160000000"
"1986","8636706","6000000"
"2000","14204632","150000"
"2017","11303040","2000000"
"2014","542300000","58800000"
"2021","190700000","90000000"
"2010","4324817","14000000"
"2011","299300000","110000000"
"1966","38900000","1200000"
"2024","455708","3000000"
"2025","22761967","23800000"
"2005","57130027","3500000"
"2009","93600000","65000000"
"2015","473990832","110000000"
"2024","15397270","40000000"
"2005","895921036","150000000"
"2024","108000","116000"
"1996","116400000","26000000"
"1981","29612367","350000"
"2021","46940541","0"
"2007","70000000","55000000"
"2010","3205829","0"
"2007","38100000","47000000"
"2022","407200000","200000000"
"2006","21949234","26000000"
"2024","29715044","60000000"
"1984","153083102","11000000"
"2003","107967319","9500000"
"2023","40130232","15900000"
"2007","171627166","25000000"
"2024","0","17000000"
"2023","37917985","100000000"
"2018","11710110","20000000"
"1942","5727000","1493800"
"2013","411000000","180000000"
"2008","629400000","150000000"
"2000","215294342","110000000"
"1997","5716080","20000000"
"2021","31217372","55000000"
"1978","14560084","7920000"
"2025","26064210","11000000"
"2020","4796993","16000000"
"2023","439381226","205000000"
"2019","760098996","200000000"
"2022","0","116000000"
"2004","18900000","26000000"
"1963","78900000","2000000"
"2011","1681521","0"
"2009","39664359","0"
"2020","26000000","0"
"1995","30303072","50000000"
"2022","0","72000000"
"2012","349305397","70000000"
"1990","463406268","14000000"
"2010","1025467110","200000000"
"2022","2122288","0"
"2002","358372926","102000000"
"1996","2671855","9000000"
"2022","239300000","90000000"
"1979","210308099","34000000"
"2023","10644463","14000000"
"2016","162400000","90000000"
"2012","0","3000000"
"2024","1338073645","200000000"
"2023","0","5500000"
"2024","5396508","10000000"
"2025","0","150000000"
"1998","379014294","130000000"
"2023","0","65000000"
"2011","370569774","140000000"
"2019","231252591","27000000"
"2021","206431050","39000000"
"2006","343397247","80000000"
"2006","69623713","15000000"
"2022","2100000","3000000"
"2009","5021219","8000000"
"2024","47300","0"
"2002","193921372","68000000"
"2024","3829407","0"
"1967","378000000","4000000"
"2024","51001975","30000000"
"2015","155760117","44000000"
"2024","142723","0"
"1994","21916093","0"
"2018","288175335","62000000"
"2019","154608856","26000000"
"2004","11522","1000000"
"2011","61037844","22000000"
"1992","183097323","20000000"
"2008","105173115","30000000"
"1998","40002112","65000000"
"2020","443807","100000"
"2006","3984390","30000000"
"2009","185860104","60000000"
"2016","268","0"
"2012","24200000","35000000"
"2001","449220945","140000000"
"2024","2014050","20000000"
"2020","21097921","0"
"2011","209838559","35000000"
"2020","3780000","0"
"1975","9995555","2200000"
"2016","433677183","160000000"
"1949","0","0"
"2023","384056482","129000000"
"2022","86600000","0"
"2015","21000000","3000000"
"2012","88200000","35000000"
"2011","145079584","50000000"
"2019","275000","8000000"
"2013","0","30000000"
"2012","68929150","40600000"
"1994","9940717","0"
"2023","9112817","40000000"
"2021","125897478","100000000"
"1997","315200000","85000000"
"2020","39238300","33000000"
"2007","961691209","300000000"
"1995","115101622","30250000"
"2023","90100000","80000000"
"1970","191000000","4000000"
"2012","81493846","39000000"
"2009","84918","0"
"2016","235957472","25000000"
"1996","817400891","75000000"
"2006","6538177","5000000"
"2018","238539198","30000000"
"1999","672800000","40000000"
"2014","83100000","35000000"
"2023","952000000","100000000"
"2016","78053145","15000000"
"2009","0","1300000"
"2004","6115310","0"
"2022","1001978080","165000000"
"2011","130786397","30000000"
"2006","108605609","86000000"
"1996","113309743","50000000"
"2021","18887953","15000000"
"2018","158972570","25000000"
"2007","32511655","1500000"
"2019","312897920","40000000"
"2006","32400000","9500000"
"2013","4934725","2350000"
"2017","130560428","28000000"
"2007","258097122","140000000"
"1984","296578797","30000000"
"2017","0","15000000"
"2013","51695362","22000000"
"2019","123233739","9000000"
"1997","263920180","90000000"
"2023","147156372","15000000"
"2019","387300138","170000000"
"2019","10841702","0"
"2019","104545505","25000000"
"2012","49000000","60000000"
"2000","112880294","23000000"
"2000","224834564","45000000"
"2018","117501013","37000000"
"2024","4210676","0"
"2006","114194847","12000000"
"2018","24340302","5500000"
"1969","82000000","7000000"
"2024","6283415","14750000"
"2025","23130648","12000000"
"2016","389681935","165000000"
"1989","156167015","32000000"
"2024","90322103","2000000"
"2010","278731369","100000000"
"2017","3029287","0"
"2022","80340218","10000000"
"1998","82150642","30000000"
"2017","96942115","20000000"
"2008","111231041","70000000"
"2013","1800000","0"
"1981","0","1500000"
"2024","5928351","30000000"
"2006","461983149","120000000"
"2023","214891370","25000000"
"1998","244721064","33000000"
"2024","0","100000000"
"2001","141774679","18000000"
"2019","449762638","150000000"
"2021","119815153","0"
"2011","1341511219","125000000"
"2021","14037060","0"
"2025","0","165000000"
"2004","102278712","26000000"
"2013","197700000","195000000"
"2022","55700000","75000000"
"2023","5400000","3000000"
"2005","46117696","50000000"
"2009","40105542","15000000"
"1989","332000000","40000000"
"1960","25000000","3000000"
"2015","144420","0"
"2005","77944725","52000000"
"1988","140767956","28000000"
"2007","90450008","75000000"
"1997","99000","20000"
"2019","101346","0"
"2007","74237563","55000000"
"2017","459066134","84000000"
"2006","262552893","18000000"
"2019","16900000","25000000"
"2025","0","155000000"
"2000","34300000","7000000"
"1985","150000000","0"
"2018","61700416","30000000"
"2019","1078958629","55000000"
"2024","126542249","50000000"
"1971","0","1200000"
"2007","0","4000000"
"2011","31505287","35000000"
"1995","336529144","100000000"
"2013","78378744","20000000"
"2016","50548152","45000000"
"2010","9918093","15000000"
"2006","119975084","25000000"
"2021","168717425","185000000"
"2025","0","90000000"
"2022","7283918","0"
"1992","94999898","23000000"
"2024","16219846","0"
"2023","2119043","8500000"
"2023","294200000","50000000"
"2022","217408513","17000000"
"2003","195745823","75000000"
"2002","45900000","30000000"
"2021","46333545","25000000"
"2024","73800000","1000000"
"2018","622674139","140000000"
"2018","28645","3000000"
"2024","548040835","80000000"
"2010","698491347","68000000"
"2018","83869818","100000000"
"2005","108539911","88000000"
"2012","22044277","40000000"
"1975","108981275","3000000"
"2024","59184643","120000000"
"2003","738599701","150000000"
"2021","21753705","14000000"
"1995","0","0"
"1998","553799566","140000000"
"2000","40047236","9000000"
"2010","35700000","18000000"
"2019","1131416446","152000000"
"2007","26800000","39000000"
"2005","24793509","6500000"
"1956","122700000","13000000"
"2024","0","770000"
"2008","419665568","225000000"
"2024","0","14500000"
"2023","83410298","0"
"2017","1906640","0"
"2021","12900000","2000000"
"1989","74542088","27000000"
"2017","511132","0"
"2011","8200000","41000000"
"2023","27849137","20000000"
"2018","151572634","69000000"
"2023","4656348","5300000"
"1984","9016411","1000000"
"2015","173600000","37000000"
"1998","52090187","65000000"
"2013","151783839","175000000"
"2019","232638","0"
"2009","53000000","0"
"2017","179769467","50000000"
"2023","476071180","388369742"
"2005","72600000","50000000"
"2024","22122995","110000000"
"2024","500000","0"
"2023","20000000","55000000"
"2011","85412898","40000000"
"2001","871368364","93000000"
"2011","89162162","42000000"
"2022","34441594","5500000"
"2015","543514353","95000000"
"2018","73900000","42000000"
"1993","21274717","33000000"
"1991","30102717","15000000"
"2009","867714","800000"
"1993","107198790","40000000"
"2010","592461732","260000000"
"2002","926287400","79000000"
"1997","245700000","80000000"
"2002","197100000","48000000"
"2010","572809","2000000"
"1998","49800000","60000000"
"2022","6909209","6000000"
"1986","1300000","0"
"2001","74558115","35000000"
"2011","54700000","32000000"
"2023","567535383","291000000"
"2009","381509870","175000000"
"2006","38505009","23000000"
"2019","33800000","18000000"
"2012","85446075","14000000"
"2004","347234916","120000000"
"2022","20000000","90000000"
"2022","7589829","0"
"2011","27122040","25000000"
"2023","51437352","0"
"2024","760979","8400000"
"2013","19145732","15000000"
"2023","12337378","35000000"
"2007","301913131","130000000"
"2024","53992802","30000000"
"1991","6153939","9000000"
"2021","238524","0"
"2012","130482868","102000000"
"2005","119269486","130000000"
"2005","487300000","110000000"
"2006","148964660","85000000"
"2014","117831631","100000000"
"1971","35976000","4000000"
"2005","0","7000000"
"2011","665692281","150000000"
"2007","34600000","19000000"
"1995","352194034","60000000"
"2022","29116320","30000000"
"2016","52099090","80000000"
"2000","2600000","1200000"
"2025","80834080","60000000"
"1985","146300000","15000000"
"1940","164000000","2600000"
"2012","694394724","75000000"
"2017","703000000","35000000"
"2012","96262212","25000000"
"2017","37552144","0"
"2009","210888950","30000000"
"1992","159773545","50000000"
"2013","723192705","105000000"
"1994","245700832","4400000"
"2024","185700759","250000000"
"2011","185770160","170000000"
"2011","227817248","120000000"
"2022","872000","0"
"2006","70595464","76000000"
"2020","2133452","18000000"
"2016","413334","0"
"2018","10023153","30000000"
"2004","516642939","80000000"
"2002","12517488","12000000"
"2022","0","3500000"
"1961","303000000","3600000"
"1999","151493655","73000000"
"2001","141220678","45000000"
"2019","49200000","14000000"
"1987","46357676","30000000"
"2017","8261488","0"
"2006","94973540","10000000"
"1975","170000000","1400000"
"2017","61153455","8000000"
"2010","52800000","52000000"
"1992","1201428","0"
"2011","65090821","35000000"
"2004","104004218","1200000"
"2012","41037742","50000000"
"2025","2150000000","80000000"
"2023","45100756","7000000"
"2004","789804554","130000000"
"2011","559852396","200000000"
"2015","50206","3300000"
"2002","30641770","3300000"
"1997","172363301","24000000"
"2011","120081841","50000000"
"2002","6500000","3500000"
"2013","467381584","190000000"
"1978","55000000","650000"
"2016","269980","0"
"2022","17363261","3000000"
"2016","9500000","20000000"
"2018","72282227","16000000"
"1997","159300000","60000000"
"2018","112790210","18300000"
"2005","21733230","29000000"
"2017","26251899","0"
"1999","356296601","15000000"
"2014","3396726","0"
"2007","118200000","53000000"
"2024","14291561","0"
"2010","271430189","80000000"
"2018","2373203","0"
"1987","17185954","17000000"
"2023","17974964","5000000"
"1994","213928762","8000000"
"2017","0","3000000"
"2016","69411370","50000000"
"2016","16457494","28000000"
"1995","28215918","3500000"
"1991","390493908","48000000"
"2007","340487652","85000000"
"1997","2264162353","200000000"
"2022","0","100000000"
"1994","351583407","23000000"
"1993","18435583","0"
"2015","24900000","25000000"
"2023","5078400","4500000"
"2017","1236000000","250000000"
"1985","381109762","19000000"
"2022","0","20000000"
"2020","111200000","109000000"
"1996","173046663","14000000"
"2012","79700000","40000000"
"2009","735099082","175000000"
"2017","306592201","15000000"
"2008","164200000","90000000"
"2025","9037963","45000000"
"2017","145374099","35000000"
"2019","216600000","40000000"
"1998","264100000","60000000"
"1995","189900000","50000000"
"2001","87700000","107000000"
"1985","51525171","1000000"
"2024","35741532","1480000"
"2009","2331721","47000000"
"2019","22384741","4000000"
"2021","76994245","18000000"
"2010","25806953","22000000"
"2004","154674241","70000000"
"2024","7478666","0"
"2023","40208268","86000000"
"2022","14800000","22000000"
"2024","97974828","0"
"2010","136300000","40000000"
"2012","28258060","32000000"
"2010","170432927","100000000"
"2011","6879667","4798235"
"2013","320415166","13000000"
"2010","1754389","0"
"2019","1074144248","416000000"
"2014","19840000","750000"
"2020","5184368","1700000"
"2011","0","230758"
"2022","37655699","0"
"2005","38058335","45000000"
"2024","4258197","600000"
"1997","10686841","20000000"
"2024","254907482","60000000"
"2017","169801921","110000000"
"2017","410902662","104000000"
"2023","4082217","22700000"
"2012","58100000","70000000"
"2005","130982129","70000000"
"2021","13037403","50000000"
"2007","585410052","150000000"
"2014","956019788","250000000"
"2017","346118277","85000000"
"1960","4905000","2000000"
"2002","876688482","100000000"
"2009","186167139","40000000"
"2006","205700000","52000000"
"2002","5400000","20000000"
"1995","168841459","29000000"
"2005","562363449","207000000"
"2023","3800000","32000000"
"2024","46393906","20000000"
"2009","102391540","23600000"
"2007","175400000","45000000"
"2007","14373825","86000000"
"2013","362000072","103000000"
"2023","271333313","220000000"
"2025","0","5000000"
"2008","4040588","5000000"
"2001","70800000","29000000"
"2011","51070807","40000000"
"1999","9392768","2000000"
"2022","92651384","40000000"
"2014","28900000","10000000"
"2025","15983827","15000000"
"2017","0","50000000"
"2015","857611174","175000000"
"2025","48797286","15000000"
"2024","152720535","35000000"
"2011","211800000","70000000"
"2003","71406573","20000000"
"1986","138530565","6000000"
"2021","19133454","27500000"
"1940","11000000","2000000"
"1993","11146270","30000000"
"1984","6254148","17000000"
"1986","115103979","13000000"
"1985","0","0"
"1986","38600000","14000000"
"2021","261289554","135000000"
"1927","3600000","2000000"
"2025","33561854","18000000"
"2022","4225720","0"
"2023","83000000","45000000"
"1997","125586134","17000000"
"2021","8639684","0"
"2019","8808611","25000000"
"2022","0","1500000"
"1977","0","0"
"2012","44369456","0"
"2024","0","0"
"2023","1362000000","100000000"
"1998","70692101","55000000"
"2023","324522","0"
"2014","621537519","145000000"
"2012","539000000","185000000"
"2017","45056771","20000000"
"2005","95200000","53000000"
"2011","132563930","57000000"
"2024","21768945","20000000"
"2025","1188554","0"
"2004","39396175","6000000"
"2016","874362803","250000000"
"2006","163800000","135000000"
"2014","233555708","14000000"
"2014","325800000","48000000"
"1998","81471882","30000000"
"2008","160300000","30000000"
"2008","170764026","25000000"
"1996","457696391","80000000"
"2024","17660107","3700000"
"2006","100605135","50000000"
"1996","41205099","12000000"
"1960","2800000","0"
"2005","0","2000000"
"2024","1059544057","150000000"
"2023","180513586","75000000"
"1997","162000000","70000000"
"1986","7417517","0"
"2011","0","1344000"
"1991","59500000","29000000"
"2010","89500000","55000000"
"2011","7621364","0"
"1984","31042035","18000000"
"2006","33900000","20000000"
"2010","7701498","0"
"1991","59490000","17000000"
"2014","26117471","12000000"
"2025","22346743","0"
"2017","6356284","0"
"1982","33000000","17000000"
"2021","30832137","10000000"
"2018","0","0"
"2012","471222889","165000000"
"1996","335062621","75000000"
"1999","22951145","0"
"1998","46733235","75000000"
"2017","180613180","69000000"
"2017","29820616","10000000"
"2010","43059790","1255000"
"2023","39773","0"
"2021","136536687","50000000"
"2011","563749323","110000000"
"2010","33583175","10000000"
"2021","379751131","200000000"
"1991","520000000","102000000"
"1982","15172313","13200000"
"2016","37915971","10000000"
"1953","0","0"
"2002","214034224","60000000"
"2014","4942449","5500000"
"1995","10000000","3000000"
"2001","83300000","53000000"
"2005","191466556","90000000"
"2010","49800000","20000000"
"2025","815953914","150000000"
"2010","839030630","160000000"
"2019","190304772","75000000"
"2022","15000000","40000000"
"2023","14864960","5000000"
"2003","148300000","87000000"
"2001","5007209","0"
"2025","4772","10000000"
"2000","169327687","100000000"
"2016","229147509","144000000"
"2012","232300000","44500000"
"1982","19629760","15000000"
"2012","161772575","31000000"
"2009","64352607","30000000"
"2010","0","0"
"2017","226945087","34000000"
"2024","1019507","0"
"1983","17343596","350000"
"1982","0","0"
"2012","55078146","7000000"
"2007","18317151","35000000"
"2018","29863754","0"
"2023","3296846","0"
"2016","203388186","47000000"
"2002","55003135","60000000"
"1994","29700000","2000000"
"2009","77912251","20000000"
"2024","138083280","28000000"
"2017","880166924","175000000"
"2019","127461872","87500000"
"2014","1104054072","210000000"
"2014","211817906","68000000"
"2024","0","83000000"
"2005","110803676","50000000"
"2024","82677281","30000000"
"2010","67448651","30000000"
"1999","234801895","34200000"
"2010","199006387","58000000"
"2022","73621640","180000000"
"1988","57300000","35000000"
"2018","64337744","62770198"
"2015","631058917","108000000"
"2012","40300000","30000000"
"2012","33035736","15000000"
"2017","855301806","180000000"
"2016","14397593","20000000"
"2010","844281","0"
"2019","48015416","9000000"
"2015","1671537444","150000000"
"2023","117607117","35000000"
"2004","178300000","42000000"
"2001","98376292","80000000"
"2001","10539779","0"
"2024","6680396","7000000"
"2015","49714378","0"
"2017","25754775","38000000"
"2007","156835339","30000000"
"2021","331526598","110000000"
"1988","9205924","6000000"
"1977","185438673","13500000"
"1978","20378470","18000000"
"2021","39458207","5000000"
"1979","0","239000"
"2023","207089999","274800000"
"1974","4794457","1600000"
"1998","218613188","70000000"
"2009","19551067","10000000"
"1982","2536000","19000000"
"2016","18803648","9000000"
"2016","347337803","125000000"
"2004","318432432","165000000"
"2022","226425420","200000000"
"2016","81093313","35000000"
"2025","1076099","0"
"2013","32293377","0"
"2007","91354215","10000000"
"2023","220597098","165000000"
"2024","1052998","0"
"2005","177400000","26000000"
"2013","61600000","130000000"
"2019","51749995","5000000"
"2023","52631884","15000000"
"1998","17514980","15000000"
"2025","217261","0"
"2017","1786396","1000000"
"2017","27975429","20000000"
"1993","206678440","26000000"
"2024","0","963703"
"2005","371000","9000000"
"2023","115857413","15000000"
"2015","0","60000000"
"2014","1323415","0"
"2015","209200000","190000000"
"2002","352114312","52000000"
"2011","342695435","75000000"
"2004","0","3500000"
"2003","28650575","12600000"
"2016","29200000","25000000"
"1990","57120318","35000000"
"2016","3900000","25000000"
"2018","0","45000000"
"2016","87547518","8500000"
"2013","122126687","46000000"
"2008","418800000","65000000"
"2006","180557550","75000000"
"1938","184925486","1488423"
"2019","0","24000000"
"2008","93900000","120000000"
"2014","217124280","70000000"
"1960","19647000","0"
"2018","3645308","0"
"1995","187400000","60000000"
"2019","660132","15000000"
"2024","13368094","0"
"2024","38735702","50000000"
"1922","19054","0"
"2025","41418925","9100000"
"2023","690897910","100000000"
"2020","47990414","14000000"
"2022","42500000","45000000"
"2010","60040976","40000000"
"2012","46221189","42000000"
"2014","6566916","4500000"
"2023","704709660","340000000"
"1999","448200000","130000000"
"1993","63800000","30000000"
"2011","100106454","1500000"
"2000","99274467","55000000"
"2022","0","12000000"
"2006","69834815","50000000"
"2008","10642859","0"
"2010","310650585","100000000"
"2007","131016624","30000000"
"2007","6916899","0"
"1998","9623329","0"
"1992","0","0"
"1999","58401898","38000000"
"2014","710644566","170000000"
"2022","2543216","5000000"
"1991","300900000","70000000"
"1987","191185897","40000000"
"2000","83600000","10000000"
"1993","21658982","0"
"2023","67519192","95000000"
"1988","5596267","7500000"
"2010","752600867","165000000"
"2017","47756590","35000000"
"2022","192907684","74000000"
"2023","9400000","30000000"
"2006","134686457","54000000"
"1990","5080409","14000000"
"2008","96409830","15000000"
"2013","351723989","75000000"
"2019","2799439100","356000000"
"1987","120207127","15000000"
"2017","30000000","4000000"
"2000","23211413","0"
"2025","46022419","48000000"
"2020","0","65000000"
"2011","160078586","45000000"
"1982","122200000","10700000"
"2025","0","20000000"
"2022","0","1709686"
"2023","383963057","294700000"
"2019","65406606","0"
"2021","18717947","68000000"
"1991","272742922","19000000"
"2022","52303589","40000000"
"1996","21440752","12000000"
"2024","51913394","10000000"
"1990","24271196","6000000"
"2007","117760134","20000000"
"2017","113231078","60000000"
"2024","126942386","10000000"
"2021","144327371","26000000"
"2011","82686066","32000000"
"2012","160112671","70000000"
"2001","443280904","98000000"
"2013","125537191","110000000"
"2013","270000000","37000000"
"2006","398479497","150000000"
"2025","0","400000000"
"2023","76987621","18000000"
"2013","32443111","6000000"
"2011","23300000","25000000"
"1998","369900000","23000000"
"2022","407141258","120000000"
"2005","218100001","130000000"
"1985","152427960","30000000"
"1998","183000000","35000000"
"2013","0","10000000"
"2014","28595105","24720400"
"1995","32648673","20000000"
"2022","12109608","24500000"
"2018","41142379","34000000"
"2010","11000000","0"
"2009","948753","3900000"
"2024","27219729","12600000"
"1965","15000000","600000"
"2012","13551174","14000000"
"2022","405421518","110000000"
"2014","272912430","145000000"
"1993","27979966","0"
"2018","508600000","75000000"
"1944","0","0"
"2006","495303","30000000"
"2006","109676311","40000000"
"2006","83258226","19000000"
"2005","850000000","113000000"
"1984","2181987","1750000"
"2025","34985600","50000000"
"1967","111600000","9500000"
"1975","46665856","1800000"
"2019","9869306","0"
"2023","74515586","25000000"
"1925","0","0"
"2019","2576990","6000000"
"2024","170737","20000000"
"2010","134748021","70000000"
"2022","393452111","200000000"
"2021","153235995","75000000"
"2015","29355203","11000000"