"runtime (min)","vote_average (%)"
"123","65.6"
"103","52.5"
"97","70.71"
"109","84.23"
"104","69.25"
"134","0"
"111","65.02"
"102","61.4"
"124","73.48"
"133","73"
"130","73.31"
"106","60.28"
"102","63.91"
"79","75.46"
"108","68.51"
"98","80.61"
"97","70"
"157","67.64"
"99","64.96"
"115","64.25"
"88","70"
"91","73.33"
"103","60.33"
"61","83"
"178","80.1"
"98","60.55"
"97","52"
"127","83.75"
"92","68.01"
"97","67.75"
"98","64"
"104","77.46"
"112","63.22"
"127","74.03"
"99","69.92"
"60","65.63"
"122","66.55"
"88","72.79"
"115","59"
"104","62"
"36","70"
"135","76.72"
"102","69"
"97","69.61"
"127","46.17"
"129","69.46"
"77","73.5"
"147","71.51"
"124","72.65"
"86","65"
"122","69.95"
"82","27"
"104","62.33"
"89","52.33"
"103","63.15"
"90","47"
"113","64.45"
"128","65.32"
"120","71"
"80","60.86"
"5","72"
"123","66.83"
"113","68.76"
"104","74.38"
"97","85.48"
"99","75"
"108","75.72"
"125","55.85"
"113","73.09"
"128","74.48"
"110","67.74"
"83","56"
"81","55.8"
"155","63.48"
"126","71.84"
"115","70.44"
"103","71"
"127","75.43"
"119","79.48"
"118","59.95"
"97","64.6"
"60","61"
"88","44.52"
"129","63.16"
"113","82.72"
"93","64.96"
"110","66.19"
"81","69.15"
"130","68"
"132","77.98"
"112","74.43"
"102","64.28"
"98","67.31"
"93","64.28"
"103","77.98"
"98","48.13"
"117","69.4"
"92","66.81"
"102","68"
"115","50"
"121","76"
"89","44"
"94","73.84"
"111","59"
"105","69.34"
"125","62.89"
"152","79.02"
"116","82.15"
"119","60"
"103","81"
"106","64.04"
"92","68.84"
"89","65.95"
"126","73.83"
"153","80.99"
"78","59"
"132","78"
"115","76.2"
"110","77.24"
"94","68.83"
"124","65.6"
"46","64.41"
"95","62"
"124","66.94"
"95","50.06"
"191","80.43"
"83","68.99"
"97","75.19"
"109","61.79"
"87","49"
"105","49.67"
"146","63"
"80","73.33"
"131","74.37"
"121","64.8"
"114","70.75"
"97","68.53"
"122","80"
"120","69.1"
"95","66.65"
"114","51.73"
"85","38.63"
"20","70"
"148","83.68"
"125","64.41"
"165","59.42"
"88","60.38"
"117","78.91"
"7","61.13"
"0","50"
"90","58.88"
"101","58.78"
"135","73.82"
"80","81.18"
"60","74"
"131","63.54"
"78","77"
"123","68"
"74","70"
"121","65"
"136","74.99"
"137","61.84"
"136","55.5"
"52","64.46"
"142","61"
"102","75.93"
"101","60.53"
"114","81.34"
"89","51.79"
"109","61.71"
"118","64.29"
"107","68.36"
"71","68.75"
"89","60.91"
"89","67.67"
"83","67.15"
"92","57.98"
"101","58.53"
"105","47.37"
"104","64.49"
"122","79.44"
"97","71.4"
"124","63.79"
"115","67.36"
"110","55.55"
"104","65.99"
"115","75.13"
"107","67.34"
"133","71"
"97","79"
"94","61.89"
"91","76.09"
"95","54"
"126","77.55"
"109","62.95"
"111","71.84"
"137","72.26"
"123","68.95"
"98","72.37"
"103","68.88"
"153","76.84"
"105","71.71"
"109","75.17"
"104","67.74"
"101","61.34"
"135","66"
"96","69.11"
"124","66.11"
"108","62.28"
"112","71.72"
"84","57.47"
"107","75.85"
"116","74.47"
"92","48.89"
"90","78.11"
"107","59.67"
"84","65.31"
"111","70.84"
"129","75.69"
"113","63.57"
"92","59.05"
"109","73.92"
"113","74.17"
"95","55.38"
"101","60.2"
"124","73.24"
"107","71.06"
"135","71"
"113","66.64"
"157","69.88"
"116","82.38"
"130","71.33"
"145","68.92"
"117","53.57"
"110","70.32"
"60","76"
"97","71.83"
"110","72.13"
"127","77.32"
"96","58"
"94","59.9"
"123","64.17"
"97","68"
"125","71.29"
"108","66.56"
"114","68.05"
"116","70.02"
"144","65.13"
"82","60.38"
"125","71.9"
"115","65.34"
"100","72.1"
"93","63.29"
"111","70.06"
"112","61.52"
"104","64.75"
"122","80.08"
"126","64.96"
"98","61.81"
"86","52.56"
"113","59.36"
"115","75"
"109","81.99"
"115","52.08"
"98","65.72"
"86","37.78"
"106","61.56"
"134","71"
"106","64.64"
"109","63.3"
"71","73"
"98","71.72"
"107","56.3"
"114","67.81"
"100","67.19"
"114","51.82"
"121","69.59"
"22","62.86"
"108","64.69"
"124","71.2"
"93","66"
"131","74.65"
"99","65.89"
"87","61"
"115","64.59"
"108","68.57"
"100","62.07"
"94","76.11"
"95","55"
"104","82"
"175","86.87"
"100","66.41"
"100","62.95"
"133","85"
"108","70.31"
"99","50"
"99","78.35"
"126","75.96"
"119","79.88"
"127","68.73"
"87","54.09"
"128","81"
"86","60"
"113","74.47"
"240","0"
"97","53"
"89","0"
"82","63.81"
"122","74.12"
"144","75.58"
"123","68.16"
"94","63"
"119","72.08"
"107","69.14"
"139","75.85"
"85","64.51"
"11","72.09"
"117","67.02"
"103","66"
"95","65.51"
"119","63.65"
"99","66.56"
"129","66.53"
"109","67.94"
"93","60"
"80","51.05"
"104","61"
"91","64"
"114","68.37"
"97","69.35"
"104","55"
"92","61"
"93","60.25"
"115","73.75"
"96","64.79"
"173","72.85"
"147","66.63"
"129","75.34"
"123","59.92"
"121","68.8"
"115","66.34"
"100","66.15"
"104","60.67"
"85","71.09"
"160","72.25"
"80","57.13"
"220","77.73"
"112","75.41"
"91","71.74"
"93","69.75"
"98","68.04"
"107","72.37"
"96","73.5"
"92","63.07"
"107","68"
"119","65"
"96","66.85"
"135","65.81"
"100","70"
"136","56.32"
"104","76.18"
"109","70"
"50","68.32"
"101","60"
"116","60.92"
"117","68.82"
"98","69.16"
"135","78.32"
"102","49.85"
"110","65.78"
"158","65.89"
"92","64.82"
"110","63"
"175","70"
"132","74.88"
"138","67.11"
"113","74.15"
"109","62.21"
"111","72.47"
"117","71.21"
"139","84.39"
"129","72.14"
"55","68"
"109","73.5"
"95","61"
"108","61"
"119","81.8"
"135","77.16"
"83","48.69"
"118","51.15"
"102","66.75"
"83","61.67"
"0","72"
"109","61.5"
"84","71.16"
"100","64.57"
"117","80.62"
"107","66.92"
"143","55.67"
"169","72"
"83","67.5"
"116","73.2"
"124","83.93"
"107","64.39"
"103","61.21"
"123","76.01"
"79","52.92"
"122","65"
"93","55.35"
"98","70"
"124","64.8"
"125","64.7"
"94","78"
"157","70.22"
"87","63.08"
"97","67.72"
"117","59.75"
"101","60.83"
"138","71.22"
"142","73.46"
"88","71.42"
"112","71.42"
"90","67.45"
"120","63.29"
"91","68"
"123","70"
"123","77.22"
"178","77.7"
"113","63"
"152","59.78"
"135","60"
"94","80"
"120","60"
"251","70.4"
"144","73.25"
"145","70.8"
"85","45"
"133","68.66"
"86","77.85"
"105","72.1"
"129","69.71"
"177","76.56"
"89","75.33"
"106","77.41"
"158","73.75"
"97","72.37"
"154","67.32"
"116","73.83"
"87","47"
"106","78"
"110","68.01"
"105","64.29"
"94","54.69"
"108","63.25"
"126","71.89"
"91","63.61"
"23","69.72"
"182","65"
"88","60.42"
"129","79"
"148","78"
"123","75.4"
"69","66.63"
"123","69.6"
"95","72"
"118","75.45"
"89","72"
"104","65"
"88","60.84"
"115","64.75"
"134","83"
"104","68.57"
"137","68.47"
"96","70"
"121","74.26"
"104","48.52"
"95","64.13"
"169","73.89"
"99","61.38"
"150","58.73"
"96","60.07"
"129","65.19"
"0","55"
"93","62.97"
"99","63.24"
"90","66.42"
"125","73.27"
"103","71.74"
"129","58.65"
"110","75.8"
"116","72.96"
"100","63.26"
"102","66.22"
"96","68.2"
"62","79"
"109","72"
"112","83.53"
"111","73.26"
"91","71.23"
"113","71.49"
"110","80"
"109","67"
"119","67.8"
"104","70"
"116","67"
"127","60"
"193","74"
"94","63.18"
"104","62.4"
"120","59.25"
"92","56.01"
"93","56.45"
"120","67.61"
"135","61.82"
"133","67.05"
"111","73.49"
"119","64.19"
"106","79"
"104","60.98"
"102","73.12"
"124","62.86"
"118","59.53"
"150","79.48"
"106","57.85"
"142","65.75"
"110","67.29"
"88","63"
"119","68.19"
"110","59.64"
"101","59.93"
"113","60.01"
"115","67.19"
"110","68.63"
"102","63.75"
"105","71.93"
"89","65.5"
"127","70.49"
"35","64.37"
"99","46.17"
"83","77.26"
"91","43.76"
"55","72.25"
"89","61"
"102","61"
"109","60"
"84","56.22"
"91","72.25"
"101","69.82"
"153","74.3"
"124","60.4"
"92","50"
"85","80"
"86","61.74"
"96","66.56"
"59","100"
"98","63.31"
"127","69.06"
"113","62"
"101","73.42"
"101","74.01"
"93","56.57"
"103","73.95"
"109","62.81"
"145","72"
"91","71.86"
"125","70.13"
"106","65.27"
"95","65.46"
"81","74.14"
"87","32"
"178","73.48"
"103","62.12"
"110","70.17"
"86","44"
"22","60"
"121","82.04"
"113","0"
"88","68.85"
"148","65.58"
"97","52.84"
"68","68.33"
"75","63"
"104","44.46"
"124","68"
"101","56.94"
"70","72.07"
"98","65.61"
"99","77.42"
"95","68"
"109","71.25"
"82","70"
"106","80.34"
"137","78.2"
"132","69.6"
"91","73.84"
"102","66.47"
"127","59.16"
"131","74"
"89","63.83"
"128","62.17"
"90","51.9"
"108","63.31"
"94","62"
"93","56.08"
"123","68.32"
"132","66.6"
"100","60.79"
"127","66.16"
"145","73.47"
"91","65.69"
"110","63.88"
"109","76.13"
"126","68.67"
"148","79.45"
"125","64.32"
"94","71.6"
"170","77.23"
"92","65.26"
"116","71.75"
"94","61.61"
"87","25"
"85","57"
"98","59.38"
"99","58.55"
"94","62.13"
"142","70.44"
"96","75.72"
"156","60.11"
"127","64.29"
"93","49.91"
"90","53.34"
"117","65.63"
"109","73.8"
"84","53.25"
"88","48"
"140","62"
"87","63.27"
"105","59.7"
"128","63.44"
"95","57.46"
"113","63.99"
"137","77"
"88","64"
"90","56.5"
"162","71"
"108","72.52"
"113","60.91"
"117","66.81"
"105","68.25"
"0","10"
"117","78.23"
"98","67.98"
"124","59"
"132","72.79"
"48","67.54"
"121","70.64"
"109","68.69"
"99","63"
"85","68.07"
"118","62.11"
"89","51.23"
"116","70.49"
"118","0"
"105","71.33"
"79","72"
"141","72.71"
"85","65"
"133","66"
"140","73.75"
"119","66.89"
"95","51.23"
"129","66.04"
"96","51.9"
"105","68.3"
"130","61.06"
"90","63.21"
"114","75"
"110","67.05"
"102","63.26"
"100","68.51"
"145","68"
"75","72.15"
"108","74.92"
"90","57.77"
"98","69.94"
"100","59.28"
"116","71.86"
"71","68.98"
"101","65.36"
"89","62"
"107","70"
"123","72.58"
"94","79.63"
"115","62.46"
"90","75.51"
"169","73.58"
"104","71.92"
"123","66.88"
"94","53.99"
"107","79.52"
"118","68.18"
"87","49.88"
"93","48.59"
"93","62.73"
"106","70.19"
"127","65.64"
"115","69.88"
"127","75.64"
"117","53.48"
"95","70.66"
"102","65.65"
"139","60.48"
"110","56.3"
"95","66.99"
"83","71"
"122","67.97"
"112","70"
"99","60.98"
"110","55"
"92","58.55"
"90","61.52"
"161","75.71"
"120","71.91"
"103","65.15"
"144","76.34"
"44","44"
"111","56.52"
"94","61.47"
"138","75.12"
"143","70.97"
"120","61.84"
"106","67.88"
"146","74.57"
"105","72.01"
"75","50"
"103","62.25"
"143","78.09"
"133","70.57"
"122","69.34"
"128","83.01"
"111","72.49"
"132","69"
"86","59.42"
"124","70.55"
"0","73.33"
"110","58.98"
"117","72.91"
"122","81.38"
"131","73.55"
"91","79.24"
"88","71.01"
"120","74.9"
"170","0"
"86","79"
"112","71.4"
"139","68.63"
"109","72.05"
"135","72.39"
"104","65.5"
"143","67.21"
"103","73.02"
"109","62.59"
"111","66.96"
"100","62.77"
"107","70.02"
"148","70.2"
"25","63.77"
"135","78.63"
"95","69.3"
"101","67.85"
"127","54.58"
"121","79.04"
"109","80.59"
"120","75"
"95","68.41"
"113","65.96"
"77","55.77"
"99","67.26"
"125","0"
"126","70.17"
"97","54.55"
"114","59.71"
"158","73.19"
"88","63.73"
"136","66.48"
"132","75.27"
"93","67.32"
"126","72.32"
"87","72.99"
"147","74.45"
"111","73.72"
"131","77"
"58","59"
"89","46.96"
"111","68.1"
"105","61.2"
"138","56.29"
"94","59.92"
"87","22"
"57","64.82"
"147","76.02"
"117","78.17"
"76","67.78"
"127","71"
"113","66.43"
"101","59.4"
"134","75.56"
"100","65.6"
"112","64.9"
"98","60.84"
"117","73.4"
"108","74"
"98","61.34"
"76","71.19"
"113","62.98"
"111","66.63"
"107","62.68"
"93","73"
"97","60.61"
"126","75.54"
"99","76.81"
"97","70.5"
"124","65.75"
"95","70.61"
"104","65.66"
"106","59.88"
"128","63.3"
"125","69"
"97","63.99"
"150","74.32"
"98","82.95"
"120","59.08"
"161","78.46"
"92","62.9"
"128","69.31"
"115","66.97"
"164","76"
"127","65.96"
"128","68.4"
"109","78.02"
"140","78"
"110","66.55"
"118","67.65"
"90","68.02"
"140","75.9"
"122","66.68"
"128","0"
"112","70.5"
"75","75.03"
"111","71"
"130","80.87"
"99","75.37"
"133","67.5"
"90","58.68"
"115","66"
"143","75.45"
"89","56.96"
"116","62.97"
"162","74.29"
"111","61.42"
"102","60.04"
"130","64.81"
"86","66.18"
"120","55.74"
"89","66.35"
"137","70.51"
"104","55.59"
"94","65.7"
"45","71.08"
"125","65.86"
"93","64.76"
"83","63.34"
"116","68.87"
"128","64.19"
"144","78.32"
"141","72.16"
"116","70"
"91","71.11"
"111","72.64"
"129","80.31"
"90","59"
"75","71.94"
"85","73"
"96","59.06"
"106","63.16"
"115","78.45"
"101","69.98"
"115","67.7"
"136","71.12"
"44","90"
"97","66.86"
"94","64"
"125","65"
"104","63"
"113","63.52"
"92","64.83"
"129","84.29"
"90","65.48"
"118","78"
"117","68.86"
"116","68.2"
"113","73"
"43","51.79"
"127","75.09"
"93","64.13"
"137","66.26"
"113","72.32"
"151","64.12"
"147","78.07"
"115","71.66"
"94","72.16"
"44","70"
"114","75.13"
"115","73.33"
"140","65.48"
"107","66.86"
"124","67"
"107","64.49"
"129","71.4"
"99","62.13"
"94","66.55"
"110","79.96"
"102","63.2"
"100","59.85"
"100","59.14"
"93","70"
"116","84.49"
"98","67.43"
"90","81.36"
"119","72.04"
"135","75.41"
"99","67.32"
"90","65.08"
"116","71"
"108","77"
"116","64"
"77","75.79"
"216","70"
"99","57.37"
"106","71.42"
"105","66.9"
"105","61.99"
"108","63"
"108","79.37"
"95","69.62"
"100","76.36"
"90","60.19"
"75","73.05"
"87","63.71"
"131","74.19"
"102","74.17"
"105","60.07"
"101","65.65"
"110","73.48"
"209","75.92"
"90","67"
"103","75.74"
"132","70.2"
"102","76.7"
"112","69.78"
"9","65"
"136","75.03"
"101","55.53"
"116","54.57"
"110","62"
"95","57.66"
"155","59"
"94","55"
"90","72.47"
"97","73.63"
"107","65.77"
"90","66"
"102","72.47"
"106","66.44"
"92","54.62"
"91","60.94"
"100","75"
"95","73.02"
"104","71.08"
"94","95"
"99","73.13"
"87","76.31"
"119","56.24"
"111","83.01"
"93","69"
"96","72"
"125","68.66"
"150","69.8"
"100","57.11"
"123","76.4"
"111","73.13"
"89","82.57"
"95","57.77"
"118","64.35"
"132","80.18"
"147","74.3"
"93","62.07"
"90","66.31"
"117","74.58"
"101","72.79"
"90","76.8"
"91","78.13"
"119","67"
"76","78.35"
"101","57"
"124","67.79"
"125","85.37"
"224","67"
"105","69.07"
"100","70.06"
"191","75.56"
"139","90"
"148","73.79"
"100","76.93"
"105","63.52"
"122","74"
"115","74.18"
"86","60.87"
"15","60"
"201","68"
"119","67.71"
"90","70"
"61","65.11"
"229","84.09"
"108","76.64"
"120","64.94"
"99","58.16"
"106","78.69"
"98","64.33"
"38","60"
"98","78.37"
"107","44.56"
"101","52"
"128","62"
"102","83.23"
"85","58.28"
"131","63.52"
"95","76.51"
"96","68.38"
"102","70.5"
"137","80.36"
"68","70"
"41","67.9"
"30","68.01"
"92","65.94"
"94","70.55"
"127","82"
"102","76.2"
"121","69.49"
"120","63.95"
"90","68.67"
"103","61.22"
"102","71.88"
"122","69.69"
"93","70.94"
"108","62.79"
"149","74.82"
"60","76.79"
"84","50"
"99","79"
"97","75.94"
"169","72.59"
"144","78"
"114","67.02"
"104","80.92"
"82","56"
"126","62.95"
"106","61.44"
"119","83.37"
"130","63.43"
"97","62.18"
"101","71.96"
"139","67.42"
"118","77.05"
"104","77.93"
"129","69.75"
"104","58"
"85","57.34"
"111","44"
"129","62.88"
"115","74.81"
"124","68.02"
"100","73.32"
"117","82.92"
"91","65.99"
"116","72.37"
"88","52.74"
"109","73.13"
"99","67"
"98","67.58"
"129","76.26"
"142","65.74"
"93","72.52"
"100","76"
"106","76.88"
"120","74.65"
"119","55.84"
"44","67"
"102","74.28"
"105","78"
"93","57"
"82","55.28"
"126","69"
"88","61.02"
"98","77.35"
"89","86"
"123","49"
"92","72.74"
"96","35"
"96","65"
"95","56.39"
"105","69.2"
"91","73"
"96","67.91"
"101","67.39"
"101","74.44"
"106","65.1"
"102","76.72"
"99","68.77"
"85","61.67"
"101","79.71"
"98","66.17"
"118","64.86"
"132","75.23"
"110","73"
"94","57.61"
"108","60.63"
"46","61.25"
"103","63.61"
"108","71.71"
"125","82"
"96","61.12"
"112","70.34"
"124","63.46"
"99","60.18"
"141","76.88"
"111","68"
"102","72.44"
"86","72.56"
"28","84.81"
"188","77.55"
"105","55"
"130","79"
"98","80.89"
"97","74.34"
"91","62.34"
"118","70.08"
"94","76"
"112","60"
"105","70.31"
"149","78.9"
"95","63.17"
"159","74.86"
"91","55.12"
"109","71"
"105","71.89"
"91","64.33"
"122","63.85"
"139","69.65"
"125","67.26"
"155","65.56"
"116","69.13"
"110","82.96"
"80","55.91"
"102","72"
"112","59.42"
"112","79.2"
"116","67.93"
"96","74.03"
"95","56.06"
"126","69.34"
"138","67.16"
"114","74.15"
"138","70.56"
"133","64"
"102","60"
"145","86"
"103","57"
"90","61.11"
"110","64.23"
"118","72"
"140","83"
"114","64.6"
"118","83"
"115","52"
"97","59"
"123","83"
"126","69.35"
"112","66"
"162","75.88"
"117","62.05"
"87","53"
"108","71.25"
"131","88"
"128","71.35"
"153","82.16"
"103","71.67"
"94","62.63"
"93","67.73"
"93","71.36"
"117","66.07"
"123","75"
"104","61.62"
"104","55.3"
"107","62.75"
"102","69.33"
"108","67.07"
"140","68.44"
"93","63.81"
"111","74.1"
"111","65.36"
"54","0"
"87","78.2"
"115","68"
"94","57"
"143","66.31"
"144","72.71"
"100","53.58"
"89","62.36"
"125","68.47"
"145","82.06"
"70","63"
"79","75"
"116","69.61"
"115","71.96"
"93","68.97"
"100","53.33"
"91","61.02"
"6","0"
"91","64.25"
"99","66.92"
"99","78.33"
"90","58"
"99","58.07"
"100","78.15"
"95","64"
"140","65.35"
"104","67.94"
"86","64.91"
"102","64.21"
"90","69"
"84","68.3"
"111","74.92"
"104","59.47"
"84","60"
"107","76.4"
"105","65"
"107","60"
"124","69.4"
"80","81"
"87","51"
"97","59.44"
"86","71.07"
"121","78.73"
"107","55.03"
"126","70.39"
"114","73.64"
"141","68.35"
"105","77.16"
"75","64.09"
"60","100"
"102","66.34"
"136","76.54"
"179","79.95"
"120","68.24"
"100","72"
"125","66"
"122","72.1"
"81","70.28"
"107","61.78"
"100","62.66"
"109","55"
"59","68"
"114","57.95"
"91","65"
"117","61.96"
"140","71"
"122","57.43"
"97","60.25"
"123","61.84"
"152","85.2"
"103","74"
"90","54.24"
"134","58"
"138","82.3"
"124","77"
"175","72"
"130","83"
"113","68.11"
"112","80"
"127","81"
"104","57.42"
"84","59.97"
"100","63.24"
"119","52"
"119","67.16"
"95","70"
"112","62.69"
"102","66.65"
"113","67.41"
"104","67.44"
"121","65.93"
"95","68.6"
"96","58.95"
"97","72.17"
"152","71.45"
"138","75.45"
"92","69.03"
"93","67.01"
"92","68"
"99","69.62"
"101","71.51"
"96","67.04"
"71","54.62"
"136","72.61"
"132","64.61"
"127","74.87"
"106","72.75"
"86","51"
"89","67"
"166","72.82"
"137","69.12"
"135","79.76"
"115","64"
"110","67.13"
"107","68.12"
"113","72.56"
"91","70.15"
"104","67.07"
"100","55"
"116","68.75"
"94","70.8"
"90","70.89"
"105","61.07"
"35","0"
"87","64"
"119","74.69"
"0","60.64"
"114","59.31"
"84","56"
"98","71"
"95","45.11"
"171","75"
"87","67.64"
"154","76"
"93","66.11"
"98","53.33"
"146","74.27"
"94","59.11"
"83","51.93"
"96","58.42"
"82","82"
"84","48"
"133","71.42"
"87","70.71"
"113","63.39"
"141","65.88"
"142","68"
"89","67.78"
"120","79.27"
"118","74.55"
"132","81.18"
"102","65"
"87","52"
"137","62.31"
"102","58.3"
"113","81.22"
"94","51.43"
"103","69.57"
"161","71"
"116","65.63"
"124","71.11"
"84","63.35"
"116","62.61"
"122","67"
"140","65"
"99","67.97"
"96","70.04"
"107","78.38"
"95","57"
"143","72.71"
"126","63.87"
"121","68.94"
"51","73"
"96","73.7"
"90","63.41"
"105","73.3"
"98","58"
"94","61.85"
"60","62.87"
"127","67.63"
"147","63.79"
"113","63.34"
"98","59.91"
"130","73.14"
"99","76.66"
"107","64.17"
"102","67.95"
"116","77"
"97","57.53"
"90","47.81"
"100","56.38"
"138","77.31"
"120","74.87"
"92","70.73"
"119","83.45"
"93","10"
"103","65.04"
"167","81.48"
"99","61.78"
"140","69.74"
"152","67.79"
"105","76"
"91","68.63"
"130","82.03"
"110","70"
"96","82.39"
"88","71.8"
"107","75"
"98","67.23"
"127","77.28"
"153","81"
"148","51"
"101","62.36"
"115","58.34"
"88","72.99"
"180","80.29"
"156","68.23"
"119","66.87"
"131","72.1"
"120","69.33"
"71","63"
"157","78.02"
"95","63.81"
"103","70.99"
"60","77"
"95","70.35"
"93","64.39"
"111","62.76"
"96","60.83"
"119","62.13"
"102","58.26"
"93","55"
"127","65.97"
"128","73.47"
"110","63.4"
"112","65"
"99","62.48"
"105","73.32"
"124","59.38"
"141","80.11"
"106","85"
"96","71.68"
"130","75.62"
"130","82.32"
"84","71.8"
"120","72.09"
"143","77.43"
"100","51"
"110","78.42"
"108","67"
"121","58.24"
"101","62.19"
"89","62.68"
"92","51.54"
"201","84.83"
"108","71.93"
"127","79.54"
"101","63.52"
"133","74.05"
"104","39.44"
"163","71.63"
"141","80.73"
"87","54.28"
"111","71.41"
"106","68.63"
"112","74.11"
"110","68.31"
"162","69"
"107","75.33"
"106","63.92"
"93","48.96"
"111","76.04"
"94","70.24"
"90","63"
"98","65.44"
"60","69"
"125","68"
"109","77"
"163","73.37"
"101","75.26"
"114","68.75"
"132","66.95"
"159","70.35"
"110","71.67"
"92","69.83"
"114","62.44"
"83","53.36"
"71","77.81"
"102","75.84"
"104","75.28"
"94","46.12"
"101","56.53"
"96","50.83"
"85","52"
"118","77.54"
"93","76.21"
"149","61.11"
"0","0"
"97","70.59"
"103","63.45"
"117","70.02"
"100","58.11"
"108","71.48"
"83","54.83"
"87","73"
"132","67"
"122","73"
"117","65.12"
"137","68.43"
"81","63.51"
"103","73.36"
"100","73.48"
"103","82.17"
"89","60.42"
"118","59.83"
"107","63.48"
"118","68"
"95","69.11"
"107","79.44"
"111","62.08"
"97","71.85"
"92","81"
"25","69.84"
"111","58.71"
"71","64"
"128","72.1"
"105","64.6"
"156","63.65"
"105","65.49"
"140","75.71"
"121","77.9"
"144","78.66"
"169","82.18"
"105","64.96"
"138","76"
"134","70.57"
"103","63.36"
"97","66.42"
"960","79"
"107","64.27"
"132","70"
"100","62.75"
"90","63.2"
"0","35"
"107","74.93"
"105","59.85"
"150","83.79"
"87","50"
"97","67.95"
"89","49"
"99","65.8"
"114","61.62"
"131","78.44"
"138","73.36"
"116","72.28"
"81","79.67"
"189","73.75"
"94","58"
"129","74.67"
"89","70.23"
"90","62.89"
"78","44.72"
"98","70.85"
"141","70.55"
"91","70.37"
"81","59.28"
"90","64.62"
"113","75.47"
"131","70"
"109","57.9"
"88","76.31"
"92","56"
"95","65.97"
"105","56.81"
"108","57.6"
"113","67.8"
"91","60.69"
"105","69"
"101","67.16"
"78","42.92"
"96","48.15"
"109","74.24"
"129","79.89"
"132","63.93"
"103","68.53"
"106","57.35"
"96","67.79"
"106","59.25"
"113","62.48"
"133","60.76"
"104","63.94"
"90","55.35"
"84","57.34"
"123","64.09"
"70","52"
"130","62.81"
"140","74.39"
"93","61.99"
"110","64.75"
"115","59.1"
"117","68"
"101","60.55"
"128","62.76"
"116","65"
"68","66.6"
"87","63.29"
"85","54.58"
"116","58.31"
"194","79.05"
"123","63.75"
"82","57.99"
"60","71.98"
"95","72.27"
"127","77.49"
"103","64.6"
"139","72"
"110","38"
"99","66.85"
"85","61"
"125","78.47"
"105","64.38"
"132","64.75"
"95","73.05"
"95","75.55"
"34","77"
"103","62.88"
"92","56.06"
"134","79.94"
"86","63"
"137","71.31"
"112","59.46"
"133","84"
"109","69.26"
"111","78.26"
"146","73.02"
"114","68.49"
"97","55.09"
"132","63.74"
"114","71"
"110","58"
"118","67.67"
"117","70.71"
"97","58.28"
"143","68.76"
"92","52.35"
"113","79.02"
"140","74.51"
"82","76"
"106","71.34"
"86","58.15"
"106","65"
"80","78.12"
"113","75.05"
"96","68.86"
"124","63.6"
"107","76"
"99","47"
"107","63.56"
"39","72.43"
"138","70.23"
"98","55.03"
"96","72.62"
"116","64.34"
"120","67.89"
"13","69"
"100","74"
"137","70.07"
"89","80.24"
"122","73.27"
"133","73.31"
"106","73"
"108","82.4"
"104","77"
"107","72.06"
"90","77"
"202","85.71"
"94","70"
"80","69"
"137","71.15"
"192","76.11"
"123","63.84"
"180","81.3"
"96","72.34"
"108","66.38"
"110","71"
"100","67.81"
"100","74.15"
"98","66.09"
"127","80.55"
"137","73.48"
"121","54.37"
"106","57.43"
"118","65.66"
"88","46.13"
"113","70"
"105","62"
"50","62"
"95","70.87"
"120","75.02"
"110","56.31"
"103","69"
"96","61.09"
"117","60"
"125","77.53"
"115","55.44"
"85","70.18"
"69","55.83"
"106","67.57"
"114","63.28"
"110","67"
"95","66.3"
"112","75"
"103","72.89"
"107","67.98"
"84","63.64"
"90","45"
"92","55.85"
"111","61"
"114","63.71"
"109","72.99"
"136","83.2"
"96","70.16"
"92","75.97"
"99","76"
"90","64.68"
"100","68.25"
"156","69.75"
"106","61.5"
"101","0"
"122","62.7"
"165","77.85"
"87","63"
"102","72.28"
"118","58.4"
"91","77"
"172","68.86"
"144","69.8"
"109","45.51"
"84","59.46"
"93","66.94"
"85","58.42"
"111","63.52"
"97","62.79"
"99","40.1"
"121","70.66"
"137","67.45"
"94","71"
"89","57.38"
"119","69.86"
"112","69.47"
"151","78.32"
"119","77"
"131","62"
"100","78.96"
"106","69.69"
"100","65.14"
"95","56"
"90","50"
"131","69.84"
"90","68.21"
"120","70"
"109","65.73"
"105","58.2"
"95","66"
"118","70.02"
"151","75.43"
"94","73.96"
"78","61"
"92","77.25"
"89","66"
"108","68.25"
"110","67.49"
"102","75.28"
"126","75.64"
"130","65.26"
"127","57.3"
"118","66.98"
"118","76.78"
"105","56.91"
"94","69.15"
"83","74.68"
"104","72.95"
"67","57"
"134","78.23"
"123","73.82"
"133","77.25"
"126","0"
"110","68.89"
"137","66.18"
"132","75.4"
"139","69.15"
"100","52.51"
"115","70.81"
"96","79.58"
"103","72.49"
"151","71.25"
"91","72.38"
"98","68.33"
"120","71.32"
"142","63.91"
"160","81.56"
"123","68.01"
"121","79.93"
"108","65.87"
"127","70.23"
"101","77.3"
"108","80.91"
"121","71.05"
"93","70.29"
"95","65.42"
"115","70.65"
"116","63"
"110","63.34"
"98","58.37"
"103","63.99"
"108","62"
"105","78.77"
"103","69.29"
"215","70"
"134","58.87"
"98","76.28"
"102","61.15"
"117","79.51"
"91","70.43"
"162","74.16"
"91","58.97"
"92","65.97"
"132","63.32"
"115","69.51"
"104","64.68"
"130","64.71"
"105","70.24"
"22","80.22"
"133","76.81"
"91","71.62"
"116","59.1"
"179","84.2"
"102","80.16"
"122","68.37"
"101","68.64"
"128","72.92"
"85","67.14"
"101","64.09"
"133","74.26"
"98","66.89"
"134","79.36"
"118","64.12"
"136","78.75"
"84","65.69"
"165","71.74"
"123","64.46"
"90","72"
"110","63.76"
"107","80.99"
"113","81.78"
"123","79.15"
"60","67.81"
"127","64.49"
"99","82.19"
"113","81.67"
"122","79.14"
"106","65.26"
"156","73.65"
"109","77.47"
"129","72.46"
"124","75.71"
"119","68.63"
"116","64.11"
"136","66.74"
"104","0"
"84","75"
"121","74.09"
"141","78.06"
"136","74"
"106","64.13"
"124","72.54"
"60","53"
"107","62.92"
"97","50.37"
"127","68.81"
"105","64.05"
"122","72.39"
"94","65"
"114","66.68"
"110","68.2"
"116","58.04"
"68","81"
"110","69.96"
"130","69.3"
"100","78.92"
"173","79.46"
"102","70.14"
"149","81"
"136","67.45"
"119","72"
"110","63.82"
"109","78"
"139","71.13"
"101","78.52"
"101","67.67"
"93","58"
"92","74.5"
"89","49.32"
"113","64.82"
"137","78.57"
"124","70.01"
"95","61.38"
"400","78.88"
"130","59.24"
"106","68.06"
"118","60.63"
"137","76.12"
"92","64.35"
"91","58.38"
"105","90"
"102","68.27"
"118","50.76"
"100","73.22"
"85","72.66"
"120","63"
"116","68.19"
"91","62.79"
"161","68"
"119","70.32"
"104","63.23"
"112","68"
"90","65"
"135","66.01"
"118","77.08"
"131","69.08"
"116","71.41"
"121","79"
"119","76"
"139","66.25"
"107","69.34"
"94","60"
"117","60.01"
"105","54.59"
"133","84.14"
"98","57.84"
"131","75.84"
"114","74.58"
"161","77.08"
"91","56.68"
"130","64.09"
"125","65.24"
"128","66.36"
"91","81.43"
"92","74.09"
"74","69.69"
"106","67.96"
"143","73.64"
"134","72.08"
"108","0"
"162","71.7"
"95","58.64"
"80","73"
"114","62.45"
"0","60"
"123","60.66"
"99","70.76"
"139","80.73"
"111","56.95"
"112","64.98"
"92","66"
"140","78.4"
"135","68.54"
"169","0"
"127","63.61"
"114","68.92"
"132","71.37"
"125","63.2"
"91","69.93"
"126","78"
"44","67.82"
"99","63.98"
"115","70.91"
"102","77.28"
"112","73.67"
"88","79.06"
"134","77.54"
"110","79.28"
"110","67.26"
"90","66.07"
"101","65.43"
"85","68.6"
"131","74.43"
"120","57.58"
"109","69.65"
"99","72"
"88","60.04"
"98","63"
"97","74.16"
"87","63.75"
"95","78.06"
"94","62.46"
"115","57.96"
"93","65.44"
"97","57"
"130","67"
"82","77.5"
"78","75.56"
"170","81.61"
"111","65.93"
"169","68.37"
"130","54.9"
"63","69.02"
"139","74"
"87","60"
"86","87"
"117","77.4"
"100","68.03"
"109","61.24"
"89","57.39"
"138","72.05"
"136","72"
"100","75.44"
"100","59.58"
"89","70.5"
"109","64"
"89","47"
"93","74.87"
"118","58.76"
"126","59.39"
"124","75.5"
"140","71.4"
"115","66.65"
"91","53"
"122","73.32"
"112","74.49"
"115","79.21"
"108","79.05"
"0","53.33"
"111","71.08"
"182","68.93"
"113","59"
"143","76.58"
"132","70.54"
"132","78.98"
"107","74"
"93","61.61"
"63","72.93"
"101","76.14"
"91","60.8"
"9","100"
"57","79"
"97","43.15"
"77","80"
"104","66.61"
"92","63.27"
"120","75.18"
"94","77"
"116","76.12"
"118","67"
"146","66"
"90","67.24"
"124","68.48"
"105","64.73"
"114","64.24"
"124","71.32"
"96","72.96"
"95","79.1"
"139","71.32"
"90","63.98"
"111","63"
"121","68.07"
"101","63.58"
"105","62.55"
"114","74.05"
"91","64.61"
"119","61"
"103","63"
"188","75.97"
"110","78.93"
"139","76"
"88","54.04"
"91","67.08"
"101","70.05"
"92","72.92"
"100","71.7"
"121","76.21"
"72","69.93"
"112","75.71"
"113","64.28"
"480","70"
"98","61.85"
"93","72.91"
"108","63.64"
"116","73.34"
"101","72.08"
"163","69"
"97","67.16"
"95","69.66"
"93","64.86"
"103","85"
"146","60"
"86","65.46"
"94","55.28"
"114","75.16"
"134","77.67"
"108","73"
"110","59"
"95","61.42"
"150","71.81"
"131","80.61"
"90","82.44"
"82","67.64"
"108","69.78"
"90","58.57"
"107","64.46"
"82","67.29"
"69","63.57"
"99","71.17"
"155","61"
"92","62.67"
"120","53.32"
"118","71.1"
"119","68.91"
"90","61"
"88","59.67"
"128","74.71"
"137","81.24"
"94","75.96"
"144","72.36"
"115","82"
"74","63"
"101","61.77"
"115","71.31"
"85","58.54"
"89","68.55"
"108","65"
"105","67.07"
"129","70.8"
"103","56.33"
"100","56.54"
"108","60.58"
"86","72"
"89","65.06"
"142","62.99"
"143","63.01"
"106","81.76"
"0","65"
"95","66.73"
"104","63.64"
"92","73.75"
"154","69.29"
"86","60.21"
"115","69.67"
"133","64.74"
"112","58.81"
"149","68.54"
"87","57.01"
"140","71.54"
"115","71"
"109","65.52"
"109","75.02"
"92","78.43"
"131","59.92"
"81","50"
"48","75.98"
"166","82.83"
"110","61.8"
"83","73.93"
"129","74.1"
"115","72"
"128","75.48"
"45","70.86"
"103","78"
"108","71"
"100","67.07"
"94","66"
"60","57.13"
"118","70"
"171","71.01"
"102","43"
"115","69.2"
"108","72"
"112","64.1"
"108","61.42"
"146","66.47"
"132","60"
"132","85"
"92","63.47"
"122","74.74"
"233","79.34"
"90","67.85"
"108","68.07"
"85","59.01"
"130","66.66"
"96","50.07"
"105","69.14"
"107","60.9"
"101","50"
"99","85"
"116","66.97"
"136","74.98"
"66","62"
"38","58.75"
"102","73.37"
"120","77.46"
"121","92"
"93","57.08"
"106","65.62"
"112","73.49"
"118","72.96"
"91","66.76"
"110","66.38"
"115","61"
"109","50.64"
"95","65"
"90","73"
"107","71.44"
"108","59.72"
"108","63.65"
"91","73.88"
"118","67.94"
"95","61.84"
"84","63.39"
"83","77"
"88","73.49"
"181","82"
"99","62.28"
"115","65.33"
"108","72.16"
"111","73.91"
"101","67.87"
"99","60.82"
"89","71"
"81","65.77"
"114","77.7"
"121","68.87"
"84","74"
"106","75.39"
"177","79.43"
"89","56.82"
"120","62.28"
"116","68.58"
"125","65.83"
"134","76"
"103","52.72"
"103","67.31"
"91","51"
"130","63.73"
"111","62.33"
"88","61.53"
"102","59.59"
"86","77.95"
"95","71.05"
"112","76.43"
"119","69.2"
"154","84.89"
"129","67.13"
"100","75.45"
"110","69.86"
"104","71"
"158","65.95"
"122","71.42"
"91","58.25"
"98","77"
"104","76.13"
"106","60"
"147","75.35"
"109","64.86"
"177","63"
"109","69.76"
"93","62.27"
"92","0"
"83","79"
"110","59.98"
"92","60.11"
"104","70.71"
"95","60"
"101","64.19"
"148","78.89"
"240","78.08"
"96","59.89"
"109","69.01"
"73","0"
"50","73.29"
"106","58.59"
"98","59.53"
"123","61.13"
"88","60.99"
"108","68.9"
"126","73.2"
"97","62"
"80","75.88"
"148","67.49"
"90","77.5"
"141","78.11"
"89","64.62"
"115","68.66"
"119","65.85"
"111","55"
"48","75"
"124","73.6"
"124","72"
"98","71.65"
"135","77.62"
"60","83"
"102","52.72"
"114","62.2"
"131","80.94"
"74","61.43"
"100","63"
"93","53"
"85","82.02"
"101","55.7"
"118","65.73"
"106","72"
"108","61.6"
"64","69.99"
"85","76"
"101","60.94"
"94","60.57"
"90","56.94"
"164","75.31"
"97","50"
"143","76.65"
"98","69.88"
"105","57.11"
"109","65.12"
"120","77.38"
"105","79"
"93","64"
"94","57.07"
"127","72"
"113","76.81"
"92","62.37"
"117","70.99"
"106","67"
"105","30"
"112","74.27"
"84","58.69"
"110","58.3"
"110","73.94"
"108","70.29"
"106","54.79"
"100","62"
"155","77.83"
"98","69.31"
"125","73.51"
"93","70.8"
"146","59"
"99","58.69"
"120","74"
"158","80.72"
"105","51.92"
"131","67.48"
"105","70"
"92","52.92"
"108","73.65"
"96","74.18"
"77","57.98"
"114","57"
"82","42"
"107","60.76"
"115","74"
"134","67"
"107","60.1"
"117","67.68"
"105","67"
"102","64"
"101","76.64"
"84","67.79"
"162","78.61"
"176","81"
"112","65.09"
"181","78.42"
"106","68"
"111","63.88"
"91","78.02"
"87","69.98"
"103","59.92"
"75","79.05"
"110","59.71"
"110","51.78"
"100","63.14"
"178","75.84"
"96","60.52"
"133","74"
"116","58.25"
"32","70.99"
"102","65.94"
"242","81.2"
"94","67.55"
"100","73.75"
"148","62.29"
"169","84.54"
"94","75.24"
"107","71"
"107","74.22"
"111","62.92"
"111","74.07"
"89","86.49"
"133","69.69"
"100","66.45"
"111","79.7"
"197","75.39"
"74","75.31"
"100","65.58"
"110","73.79"
"122","67.85"
"114","74"
"135","67.57"
"102","48.61"
"86","70"
"92","63.52"
"107","65.88"
"97","56.01"
"138","71.56"
"60","59"
"91","67.23"
"117","66"
"100","70.51"
"83","59"
"58","40"
"89","40.71"
"124","64.47"
"103","53"
"90","59.57"
"136","58.17"
"94","63.31"
"93","65.45"
"127","78.47"
"60","79"
"88","73.95"
"87","71.5"
"102","60.16"
"77","67.1"
"109","59.34"
"124","58.52"
"100","0"
"122","61.55"
"102","73.84"
"96","67.97"
"98","69.21"
"76","67"
"145","72.45"
"93","48"
"114","69.75"
"115","73.36"
"100","74.78"
"82","72"
"114","58.51"
"129","66.63"
"85","66"
"108","77.69"
"107","64.57"
"118","60.22"
"125","77.59"
"106","64"
"0","72.73"
"154","75.9"
"147","60.85"
"97","69"
"122","63.46"
"120","74.6"
"102","67.2"
"109","51.25"
"105","66.7"
"96","74.71"
"79","71.73"
"92","64.45"
"89","50"
"93","72"
"132","66.72"
"80","61"
"90","57.81"
"117","66.31"
"113","75"
"113","63.71"
"116","73.15"
"95","66.32"
"69","85"
"113","66.78"
"116","64.46"
"125","71.46"
"60","67"
"97","72.24"
"104","59"
"122","60.1"
"84","54.75"
"147","70.63"
"96","67.41"
"82","59.34"
"96","69.32"
"95","65.29"
"156","78"
"102","55.9"
"155","82.19"
"111","60.56"
"132","68.39"
"100","73.46"
"100","70.65"
"86","51.18"
"110","72.52"
"94","65.17"
"90","61.04"
"130","70.33"
"170","79.19"
"110","53.35"
"117","65.81"
"104","74.64"
"100","69.4"
"102","0"
"126","68.77"
"78","72.77"
"108","64.24"
"109","63.22"
"149","72"
"110","74.74"
"127","47.6"
"81","58.98"
"94","73.94"
"98","71.62"
"97","81.13"
"111","69.95"
"85","77"
"95","74.64"
"124","71.72"
"133","75"
"109","77.8"
"96","68"
"113","69"
"132","65.04"
"109","58.77"
"104","65.56"
"103","56.01"
"85","55"
"119","72.83"
"89","78"
"105","77.77"
"145","66.86"
"138","78.27"
"91","75.06"
"102","71.62"
"102","76.94"
"110","56.48"
"120","82.51"
"114","72.76"
"147","78"
"91","73.99"
"68","0"
"108","68.74"
"99","57.8"
"31","70.7"
"118","68.9"
"88","73"
"107","62.14"
"142","79"
"96","58.22"
"110","69"
"114","65"
"101","70.62"
"129","68"
"6","68.52"
"158","72.42"
"119","58"
"95","65.87"
"85","83.71"
"86","80.71"
"140","75.12"
"128","69.69"
"126","75.28"
"99","63.73"
"141","73.24"
"83","84.46"
"42","59"
"146","67.85"
"118","75.14"
"137","76"
"132","66.4"
"90","81"
"139","81.93"
"127","68.85"
"135","78.55"
"117","81.24"
"97","62.64"
"105","82.04"
"126","71.99"
"127","70.97"
"161","78.9"
"105","81.33"
"134","72.91"
"96","74"
"88","46.15"
"93","65.18"
"128","76"
"165","81.82"
"103","75.75"
"108","67.39"
"110","40.54"
"91","63"
"73","67.84"
"126","71.21"
"108","66"
"100","64.2"
"112","62.53"
"118","76.15"
"147","62"
"88","0"
"145","73.88"
"94","59.46"
"72","63.7"
"90","54.29"
"121","57.23"
"95","60.97"
"26","0"
"116","83.19"
"85","75"
"123","64.58"
"98","58.18"
"122","59.18"
"98","54.83"
"98","59.04"
"114","69.66"
"84","61"
"106","78.14"
"100","80.42"
"106","70"
"118","72.73"
"103","62.66"
"162","79.84"
"140","71.62"
"91","58.22"
"103","65.17"
"92","62"
"97","67.32"
"138","76.49"
"82","70.43"
"58","80.06"
"92","57"
"94","62.17"
"116","63.95"
"124","65.46"
"85","62.21"
"75","70.12"
"80","65.45"
"133","74.21"
"93","69.29"
"105","60.55"
"103","78.14"
"143","68.6"
"102","63"
"138","68.42"
"103","61"
"118","79.4"
"95","76.72"
"127","67.42"
"127","73.41"
"111","64.31"
"95","81"
"110","75.94"
"100","77"
"100","40"
"109","61.65"
"109","59.43"
"69","78"
"110","62.95"
"158","58.51"
"115","60.59"
"89","62.63"
"91","57.82"
"118","56.28"
"120","76"
"83","53"
"144","67.79"
"133","74.3"
"89","79"
"114","50"
"78","72.16"
"150","76"
"49","68"
"105","67.4"
"141","76.92"
"138","63.29"
"98","66"
"114","76.29"
"99","73.08"
"144","80.01"
"100","74.95"
"94","76.84"
"112","58"
"96","67.98"
"126","66.39"
"121","72.21"
"90","69.49"
"122","66.98"
"102","50.69"
"131","58.65"
"100","74.55"
"130","75.36"
"109","68.02"
"73","85"
"92","65.74"
"126","67.41"
"95","67.92"
"111","67.85"
"150","66.19"
"247","80"
"39","52"
"124","71.54"
"106","53.18"
"164","71.43"
"136","75.82"
"110","81.04"
"89","68.75"
"139","64"
"121","61.21"
"122","77.32"
"106","75.6"
"96","73.06"
"81","70"
"111","71.3"
"92","68.1"
"91","56"
"92","52.51"
"73","66"
"123","65"
"113","72.67"
"104","67.64"
"99","78.84"
"134","78"
"47","67"
"103","73"
"109","67.7"
"116","68.23"
"124","64"
"111","75"
"120","73"
"106","66.11"
"129","68.1"
"98","58.6"
"117","71"
"137","68.99"
"97","72.73"
"109","66.67"
"119","79"
"107","62.3"
"104","67.14"
"120","76.29"
"118","65.45"
"117","73.57"
"134","72.81"
"145","63"
"104","81.59"
"105","73.14"
"109","69.71"
"94","55.4"
"150","63"
"118","74"
"28","0"
"105","63"
"154","77.6"
"114","68.04"
"107","61"
"88","69.31"
"142","72.15"
"103","61.81"
"134","73.4"
"114","69.07"
"89","69.86"
"97","68.1"
"151","76.07"
"102","77"
"88","56.61"
"96","64.43"
"96","66.16"
"94","64.85"
"106","69.68"
"124","68.32"
"115","70.59"
"129","65.37"
"96","71.22"
"125","65.84"
"88","75"
"125","68.09"
"112","69.42"
"103","45"
"133","70.84"
"121","73.22"
"96","47"
"183","69.36"
"88","66"
"110","60.22"
"121","73.09"
"108","66.32"
"141","73"
"94","63.14"
"112","71"
"103","54"
"124","67.1"
"123","60.85"
"129","76.01"
"91","60.22"
"91","65.26"
"93","52"
"92","65.6"
"113","75.77"
"132","73.21"
"99","60.1"
"83","59.22"
"92","67.07"
"122","80.93"
"121","67.71"
"107","62.97"
"98","65.89"
"139","70.56"
"94","78.28"
"117","67.2"
"122","62.88"
"109","62"
"139","66.47"
"93","68.11"
"119","61.91"
"92","74"
"131","62.38"
"124","66.66"
"88","72.6"
"88","70.9"
"123","61.25"
"107","61.34"
"105","74.53"
"110","0"
"97","64.95"
"85","57.04"
"103","71.75"
"24","71.49"
"119","72.03"
"122","60.96"
"106","66.76"
"158","63.49"
"137","62.78"
"97","62.83"
"142","87.09"
"91","47.83"
"121","77"
"86","61.49"
"105","57.5"
"166","75.91"
"119","68.27"
"99","74.99"
"106","63.71"
"115","67.69"
"122","71.45"
"114","75.75"
"123","65.41"
"93","52.55"
"119","66.41"
"130","63.94"
"88","73.38"
"125","70.46"
"92","70.8"
"104","66.22"
"103","68"
"103","66.12"
"96","57"
"89","68"
"31","68"
"91","66.88"
"103","72.52"
"131","79.91"
"108","67.28"
"107","74.87"
"107","75.78"
"127","80.66"
"102","69.42"
"116","73.87"
"105","0"
"91","54"
"111","73"
"104","64.76"
"110","65.23"
"91","59.88"
"125","55.07"
"100","60"
"45","69"
"91","63.32"
"107","55.37"
"135","71.07"
"147","77.26"
"106","67.64"
"98","56.48"
"100","64.21"
"125","79.7"
"124","75.01"
"83","64.12"
"103","69.14"
"131","66.04"
"51","71.34"
"98","61.06"
"82","59.5"
"127","64.9"
"112","77"
"97","74.6"
"91","65.18"
"50","66.08"
"138","76.74"
"86","74"
"123","64.8"
"97","81.4"
"90","68"
"118","80.47"
"92","67.08"
"85","72.63"
"112","63.58"
"51","49"
"116","65.8"
"122","65.94"
"102","57.64"
"108","62.76"
"147","78.88"
"189","85.04"
"87","58.46"
"146","77.42"
"71","59"
"94","63.79"
"114","78"
"107","63.72"
"75","69"
"107","57.9"
"95","62.79"
"117","66.56"
"120","76.32"
"125","43.65"
"116","72.14"
"104","79.03"
"93","70.2"
"132","78.99"
"112","68.72"
"118","74.57"
"200","75.5"
"108","76.22"
"80","76.63"
"88","54.55"
"128","71.01"
"69","60"
"138","68"
"88","62.5"
"130","76"
"120","77.88"
"122","68"
"181","80.61"
"91","61"
"116","59.86"
"126","74.41"
"98","54"
"95","58"
"129","64.9"
"160","80"
"99","66.29"
"90","67.61"
"91","58.28"
"103","66.68"
"100","73"
"62","65"
"118","72.65"
"94","51.67"
"115","64.99"
"108","66.5"
"68","67"
"122","73.87"
"124","74.54"
"91","62.1"
"90","64"
"165","73"
"144","75.56"
"86","67"
"136","65.58"
"104","68"
"149","70.49"
"92","67"
"103","56.74"
"101","56.76"
"134","62.55"
"109","80.68"
"81","74.29"
"92","66.46"
"97","61.77"
"89","60.43"
"97","63.58"
"100","59.57"
"189","77.24"
"105","78.66"
"101","69.61"
"99","71.76"
"97","61.33"
"112","68.29"
"98","74.26"
"132","68"
"100","65"
"104","59.58"
"145","81"
"84","73.04"
"130","76.87"
"77","70.72"
"91","69.59"
"137","71.4"
"95","64.97"
"88","65.28"
"104","68.68"
"122","60.49"
"112","48.54"
"75","72.95"
"117","60.12"
"90","62.07"
"84","68.28"
"131","67.33"
"125","74.86"
"89","62.17"
"105","66.94"
"117","81.63"
"90","82.22"
"113","72.59"
"136","62.57"
"120","66.11"
"87","52.49"
"99","70.33"
"117","76.36"
"79","33"
"83","73"
"115","66.76"
"155","77"
"115","67"
"88","66.24"
"126","71.43"
"97","67.47"
"61","52.73"
"52","0"
"107","61.21"
"85","47.86"
"74","62"
"112","66.38"
"92","59.13"
"104","78.64"
"179","67.44"
"95","55.84"
"131","81.78"
"97","53.93"
"125","72.18"
"102","70.82"
"115","69"
"106","72.67"
"88","50"
"109","67.57"
"120","73.33"
"104","67"
"95","66.63"
"126","76.5"
"89","74.22"
"100","72.65"
"115","68.53"
"101","61.68"
"110","58.55"
"119","75.52"
"89","62.73"
"157","75.34"
"136","70.68"
"89","59.25"
"93","59.33"
"106","72.57"
"207","85"
"131","64.21"
"118","72.12"
"123","72.42"
"125","62.87"
"83","51.29"
"119","83.97"
"84","59.63"
"89","69"
"100","61"
"113","79.94"
"95","69"
"135","62.31"
"88","63.27"
"91","72.35"
"91","73.44"
"113","65.39"
"115","70.42"
"117","69.95"
"107","60.24"
"92","71.93"
"119","64.89"
"148","70.88"
"91","61.08"
"103","78.23"
"91","68.57"
"101","70.55"
"126","61.68"
"96","75.25"
"54","61"
"127","72.91"
"110","70.57"
"86","64.29"
"100","75.09"
"97","60"
"108","54.58"
"86","68"
"110","72.85"
"90","64.79"
"88","64.86"
"89","71.98"
"113","64.38"
"92","59.79"
"117","62.8"
"105","72.02"
"104","71.7"
"111","72.72"
"0","70"
"130","66.02"
"136","67.14"
"134","60.62"
"89","57.42"
"123","72"
"131","65"
"96","63.04"
"133","79.04"
"127","68.34"
"95","68.04"
"102","75.24"
"119","63.61"
"108","64"
"94","71.62"
"179","67"
"151","81.59"
"110","78.89"
"113","67.2"
"96","71"
"123","67.85"
"55","69.79"
"64","20"
"96","79.01"
"132","64.81"
"118","67.11"
"112","68.31"
"111","79"
"161","84.63"
"128","81.61"
"76","72.44"
"129","84"
"0","90"
"23","90"
"81","73.6"
"112","74.28"
"102","64.87"
"102","56.18"
"45","67"
"87","61.54"
"99","81.04"
"109","73.57"
"117","61.58"
"94","77.62"
"98","34.62"
"105","68.15"
"122","56.08"
"0","53.64"
"14","48"
"94","69.51"
"121","81.1"
"114","72"
"90","59.46"
"125","78.68"
"95","64.31"
"109","66"
"105","63.39"
"98","65.27"
"101","64.59"
"112","66.92"
"85","70"
"123","69.4"
"138","56.71"
"137","79.52"
"143","71.34"
"83","68.11"
"96","58.35"
"101","81.1"
"140","70.53"
"80","66"
"149","67.25"
"80","76"
"88","56.46"
"135","63"
"162","73"
"102","66.9"
"105","69.35"
"121","78"
"88","58.68"
"90","0"
"100","58.26"
"110","42.61"
"108","64.1"
"127","76"
"89","65"
"119","63.28"
"97","55.72"
"103","62.46"
"101","61.38"
"90","60.01"
"117","76.39"
"142","84.68"
"159","74.99"
"93","75.78"
"80","46.67"
"91","74.92"
"96","66.36"
"105","64.14"
"138","80"
"100","68.36"
"106","61.7"
"116","57"
"144","66.55"
"114","67"
"113","73.9"
"87","69"
"93","74.97"
"115","63.14"
"109","72.44"
"145","84.56"
"102","74.03"
"134","71.05"
"112","74"
"137","68.26"
"88","53.8"
"105","66"
"96","62.36"
"98","58.61"
"110","70.18"
"95","66.55"
"114","75.96"
"95","68.64"
"106","43.33"
"122","77.24"
"109","66.79"
"35","82.38"
"87","61.22"
"87","70.1"
"132","79.55"
"93","56.84"
"101","62"
"101","59.12"
"90","69.9"
"120","67.45"
"81","78"
"109","66.31"
"93","77.43"
"102","62.48"
"163","68.2"
"106","66"
"101","63"
"91","56.71"
"118","71.47"
"114","71.96"
"115","80.58"
"109","61.58"
"101","54.77"
"98","53.29"
"119","62"
"97","67.18"
"118","71"
"125","76.14"
"100","74.21"
"94","59"
"106","57"
"92","57.33"
"117","83.97"
"117","63.83"
"119","74.48"
"136","65.76"
"100","56"
"139","70.42"
"55","75.28"
"99","60.23"
"105","55.41"
"60","75"
"117","68.69"
"127","73.94"
"135","73.73"
"129","74.45"
"124","69.57"
"130","66.43"
"114","70.18"
"110","70.71"
"134","73.38"
"140","77.12"
"86","59.47"
"102","72.99"
"116","63.07"
"103","59.31"
"91","76"
"89","63.45"
"107","66"
"84","49"
"60","63.44"
"111","70.55"
"107","69"
"109","64.63"
"99","54.89"
"74","70.42"
"95","61.88"
"114","65.88"
"88","63.64"
"26","71"
"76","65"
"112","68.67"
"97","70.88"
"114","70.93"
"98","60.13"
"93","67.81"
"130","68.89"
"124","66.53"
"100","65.41"
"104","64.14"
"124","62.05"
"91","75"
"157","75.9"
"80","73.85"
"93","57.97"
"114","74.42"
"116","71.1"
"110","60"
"121","53.08"
"103","66.76"
"96","71.97"
"102","54.19"
"48","72.23"
"171","79.99"
"111","72.01"
"109","68.79"
"97","75.56"
"89","60.24"
"97","70.44"
"91","53.42"
"102","55"
"116","66.45"
"113","71.89"
"124","75"
"126","79"
"97","61.59"
"99","60.45"
"104","72.44"
"96","61.47"
"94","70.48"
"99","69.74"
"98","75.53"
"70","70.08"
"108","66.16"
"90","73.59"
"110","66.13"
"95","72.95"
"123","63"
"99","80.71"
"122","40.6"
"84","77.31"
"90","54"
"121","75.6"
"97","71"
"101","64"
"138","76.85"
"78","73.04"
"146","82.07"
"110","68"
"117","68.42"
"156","76.27"
"124","67.98"
"101","62.25"
"133","70"
"116","71.21"
"99","74.8"
"101","64.62"
"104","61.1"
"99","61.12"
"138","70.72"
"115","74.57"
"90","72.98"
"124","73.62"
"105","78.76"
"105","70.78"
"87","59.11"
"103","70.35"
"99","68.66"
"116","46.67"
"107","70.41"
"102","74"
"100","61.25"
"136","65.22"
"92","60.34"
"117","65.64"
"113","71.28"
"72","60"
"107","69.4"
"96","56.29"
"81","72.66"
"109","65"
"104","59.61"
"84","41"
"121","56.33"
"102","67.07"
"82","66"
"75","77.41"
"96","63.5"
"80","39.31"
"97","62.71"
"132","73.16"
"100","75.81"
"113","65"
"50","57"
"86","64.08"
"129","67.34"
"127","75"
"136","66"
"105","37.5"
"158","74.52"
"92","61.82"
"82","51.96"
"109","59.71"
"119","83.87"
"136","68.63"
"120","64"
"103","63.57"
"115","64.62"
"120","73.08"
"98","80.98"
"127","74.26"
"115","64.8"
"87","62"
"94","54.13"
"153","80.04"
"111","67.64"
"121","73.69"
"101","73"
"81","69"
"116","76"
"84","72.12"
"122","66"
"153","70"
"129","73.95"
"4","68"
"158","71.08"
"125","82.98"
"127","75.22"
"115","67.43"
"118","57.79"
"102","62.49"
"104","54.29"
"138","55.65"
"100","59.77"
"131","79"
"115","63"
"126","73.18"
"149","82.35"
"121","68.86"
"60","65"
"89","52.5"
"84","66.94"
"110","65.94"
"76","75.28"
"74","67"
"195","85.65"
"141","79.77"
"151","68.36"
"85","71"
"143","72.49"
"91","74"
"87","58.23"
"147","82.72"
"96","53"
"115","60.75"
"86","60.22"
"154","60.54"
"109","62.94"
"95","64.96"
"118","54.73"
"141","65.18"
"94","65.81"
"138","82.01"
"129","61"
"92","58.08"
"99","52.15"
"100","76.07"
"89","62.03"
"86","69.08"
"117","67"
"90","62.38"
"123","78.89"
"110","58.34"
"78","72.87"
"104","54.44"
"72","68"
"111","73.28"
"93","78.66"
"117","82"
"116","65.76"
"127","69"
"86","0"
"93","60.74"
"74","72"
"100","56.86"
"112","67.6"
"112","66.58"
"102","60.86"
"115","78.95"
"96","65.95"
"102","76"
"89","65.38"
"113","58"
"107","71.71"
"187","68.85"
"138","54.47"
"106","58.95"
"133","64.05"
"60","64.32"
"112","65.16"
"130","67.15"
"122","74.3"
"126","54.49"
"108","64.5"
"118","67.01"
"104","54.9"
"98","64.56"
"124","50.61"
"135","62"
"105","57"
"113","71"
"114","61.95"
"105","63.21"
"85","67.42"
"99","81.21"
"95","74"
"83","68.61"
"94","72"
"132","66.83"
"127","68.39"
"123","71.62"
"87","55.9"
"122","71.66"
"144","74.68"
"106","71.22"
"101","60.15"
"113","74.22"
"179","84.04"
"101","63.73"
"111","67.11"
"141","69.58"
"111","58.56"
"102","61.23"
"126","77.13"
"132","74.96"
"111","74.36"
"144","82.12"
"102","74.14"
"131","62.84"
"101","76.65"
"104","72.86"
"100","61.27"
"143","75.33"
"115","77.1"
"142","66.43"
"101","61.05"
"97","67.63"
"118","59"
"119","73.04"
"96","73.83"
"167","76"
"105","62.26"
"96","80"
"228","80"
"81","65.51"
"125","61.42"
"95","74.58"
"115","62.71"
"110","65.71"
"123","77.52"
"151","73.66"
"130","79.13"
"63","13.33"
"91","57"
"80","20"
"133","62"
"222","78.89"
"83","57.35"
"93","61.1"
"96","66"
"141","66.52"
"120","77.51"
"88","82.58"
"106","69.23"
"126","71.71"
"82","71.58"
"16","0"
"112","55"
"101","59.75"
"120","72.81"
"130","78.67"
"106","55"
"102","57"
"176","64.24"
"110","74.69"
"143","71.43"
"111","62.57"
"118","63.19"
"104","61.06"
"116","71.22"
"185","78"
"105","64.15"
"99","72.84"
"137","61.62"
"105","71.59"
"134","50"
"125","67"
"104","53.87"
"123","68.33"
"89","74"
"104","66"
"141","71"
"94","63.74"
"95","72.47"
"137","73.13"
"111","70"
"69","59"
"107","62"
"112","69"
"60","20"
"111","75.83"
"133","63"
"125","70"
"87","78"
"126","65.52"
"85","65.91"
"81","73"
"118","57.12"
"118","70.91"
"127","69.23"
"105","58.92"